year,strategy,n,mean_net_return,median_net_return,p10_net_return,mean_max_drawdown,mean_held_sessions,mean_giveback_pct_entry,activation_rate,activated_profit_to_loss_rate,take_profit_exit_rate
2021,no_take_profit,535,0.01704239411899995,-0.03130204375380452,-0.09890747340906558,0.09844718738796332,43.34953271028037,0.07853439342535272,0.5831775700934579,0.2403846153846154,0
2021,fixed_20,535,0.016445463232503548,-0.030929332778048546,-0.09543505399917018,0.09153890967626947,39.833644859813084,0.07041326044519489,0.5831775700934579,0.23397435897435898,0.14205607476635515
2021,trail_10,535,0.007617949617354317,-0.02861989184253666,-0.09209362808112209,0.09066506709175845,38.598130841121495,0.08097550019306941,0.5831775700934579,0.2916666666666667,0.23738317757009345
2021,atr_3,535,0.006061504465087385,-0.0047739264471520215,-0.09064559587833787,0.08017551669382694,32.45607476635514,0.07608618643552674,0.5831775700934579,0.20833333333333334,0.4542056074766355
2021,profit_50,535,0.006775390966750299,0.012967729200219269,-0.09064559587833787,0.07375785385357388,29.132710280373832,0.06919300334510779,0.5831775700934579,0.04807692307692308,0.4672897196261682
2021,profit_lock_v1,535,0.007276748366364796,0.012967729200219269,-0.09064559587833787,0.07256651487106945,28.581308411214952,0.06839003970058796,0.5831775700934579,0.04807692307692308,0.4953271028037383
2022,no_take_profit,175,-0.04872514111858767,-0.07190095533365215,-0.11948717824781319,0.11480598193960516,30.662857142857142,0.10879584580218529,0.3485714285714286,0.45901639344262296,0
2022,fixed_20,175,-0.04393570415164497,-0.0712083743100298,-0.11948717824781319,0.1084627925352688,28.69142857142857,0.09902371316262469,0.3485714285714286,0.4426229508196721,0.08571428571428572
2022,trail_10,175,-0.048582029512850136,-0.06550275688405971,-0.1069606078061407,0.10482463372064296,27.30857142857143,0.10543813847850193,0.3485714285714286,0.4918032786885246,0.22857142857142856
2022,atr_3,175,-0.04419610701578849,-0.0636565205798566,-0.1069606078061407,0.09891323505482277,24.582857142857144,0.10061555160417984,0.3485714285714286,0.45901639344262296,0.32
2022,profit_50,175,-0.0419147103429081,-0.06350955663589097,-0.1069606078061407,0.08999420691240537,21.82857142857143,0.08992409856068198,0.3485714285714286,0.08196721311475409,0.32
2022,profit_lock_v1,175,-0.04106422363005173,-0.06350955663589097,-0.1069606078061407,0.08931646240839877,21.611428571428572,0.08907361184782563,0.3485714285714286,0.08196721311475409,0.32571428571428573
2023,no_take_profit,376,0.027136594680914877,-0.043624966877242266,-0.09609811702058502,0.09212025420222364,42.369680851063826,0.0769480654885819,0.5425531914893617,0.25,0
2023,fixed_20,376,0.01450137815459615,-0.043624966877242266,-0.09609811702058502,0.08842004291502521,38.3563829787234,0.07132661104346372,0.5425531914893617,0.25,0.16489361702127658
2023,trail_10,376,0.02277543258188687,-0.03886245750838557,-0.09297935635815857,0.08818077441878698,38.976063829787236,0.07934663307422857,0.5425531914893617,0.28431372549019607,0.19414893617021275
2023,atr_3,376,0.01461133754657693,-0.024010811747447958,-0.09297935635815857,0.08040331760599134,32.88563829787234,0.07666387430435183,0.5425531914893617,0.23529411764705882,0.39095744680851063
2023,profit_50,376,0.014087484239858934,0.006593307221683942,-0.09297935635815857,0.07527531702780582,29.867021276595743,0.06969449667909937,0.5425531914893617,0.049019607843137254,0.39893617021276595
2023,profit_lock_v1,376,0.00852096483230758,0.006593307221683942,-0.09297935635815857,0.07443160521447685,28.867021276595743,0.07027753138018697,0.5425531914893617,0.049019607843137254,0.43882978723404253
2024,no_take_profit,510,0.03397333266316054,-0.0171918945158111,-0.09308632827972119,0.09736936643223533,44.5,0.08493285933591667,0.6411764705882353,0.2599388379204893,0
2024,fixed_20,510,0.032646785264966206,-0.011631923392537158,-0.09255026042532255,0.08925328437659572,39.9,0.07088367157066368,0.6411764705882353,0.25382262996941896,0.18823529411764706
2024,trail_10,510,0.03298954844324576,-0.00732691091277754,-0.08199353101287477,0.08816450791102771,40.766666666666666,0.08117802315262893,0.6411764705882353,0.2599388379204893,0.2529411764705882
2024,atr_3,510,0.02799306792575032,0.007039603937125993,-0.07960588115528922,0.07770503931247459,33.83725490196078,0.07671082283690565,0.6411764705882353,0.1834862385321101,0.503921568627451
2024,profit_50,510,0.027157676053856807,0.023843633814482512,-0.07934702903145974,0.07243468484388528,31.46078431372549,0.06867421519847712,0.6411764705882353,0.05504587155963303,0.4803921568627451
2024,profit_lock_v1,510,0.028038408914694116,0.023843633814482512,-0.07934702903145974,0.0701365741681223,30.41176470588235,0.06674388194161088,0.6411764705882353,0.05504587155963303,0.5313725490196078
2025,no_take_profit,363,0.03217241791862601,-0.044171829812327146,-0.11057274720598531,0.10401647628066166,41.83471074380165,0.09057970162768234,0.5757575757575758,0.2631578947368421,0
2025,fixed_20,363,0.01522837929043422,-0.044171829812327146,-0.11057274720598531,0.09485152966691296,36.8732782369146,0.0769143868902151,0.5757575757575758,0.2631578947368421,0.1763085399449036
2025,trail_10,363,0.022499439750875285,-0.0336539142104606,-0.10040584182076684,0.09520758967034638,37.72727272727273,0.08868202397642619,0.5757575757575758,0.31100478468899523,0.2396694214876033
2025,atr_3,363,0.013137387546627508,-0.008454163402296988,-0.09986763810434851,0.08816467012321652,31.94490358126722,0.0882527907636364,0.5757575757575758,0.2727272727272727,0.44352617079889806
2025,profit_50,363,0.014936185416934524,0.013670241145653295,-0.09621817921636211,0.08037396513632741,28.68044077134986,0.0770217648589034,0.5757575757575758,0.05741626794258373,0.465564738292011
2025,profit_lock_v1,363,0.01093594877024595,0.013670241145653295,-0.09621817921636211,0.07886727126952968,27.798898071625345,0.07779040095823125,0.5757575757575758,0.05741626794258373,0.5068870523415978
2026,no_take_profit,201,0.004213336661830435,-0.06363135125559494,-0.12998631355672563,0.1473313791062255,41.06467661691542,0.1451887914632907,0.5970149253731343,0.43333333333333335,0
2026,fixed_20,201,0.005689205798536722,-0.0615196010970982,-0.12145176329855867,0.11895034560324648,33.04477611940298,0.0995244269579353,0.5970149253731343,0.39166666666666666,0.23880597014925373
2026,trail_10,201,0.014966090541069819,-0.03720000063950091,-0.11235257465405635,0.11623042018084391,31.019900497512438,0.11927979799441958,0.5970149253731343,0.35833333333333334,0.4626865671641791
2026,atr_3,201,0.015750918738806075,-0.02012302997530757,-0.11235257465405635,0.11299890054644074,28.1592039800995,0.12146402380124192,0.5970149253731343,0.2833333333333333,0.527363184079602
2026,profit_50,201,0.012835485260363684,0.020420922801146046,-0.11235257465405635,0.09684238144922637,22.766169154228855,0.09858112284495646,0.5970149253731343,0.041666666666666664,0.5472636815920398
2026,profit_lock_v1,201,0.015543150647999607,0.020420922801146046,-0.11235257465405635,0.09453950493545576,21.786069651741293,0.0935865815550603,0.5970149253731343,0.041666666666666664,0.5671641791044776
