symbol,strategy,n,mean_net_return,median_net_return,p10_net_return,mean_max_drawdown,mean_held_sessions,mean_giveback_pct_entry,activation_rate,activated_profit_to_loss_rate,take_profit_exit_rate
AAPL,no_take_profit,31,-0.013911743604877269,-0.06105785848251799,-0.08915124169897104,0.09529543709785926,36.354838709677416,0.081341219791183,0.45161290322580644,0.21428571428571427,0
AAPL,fixed_20,31,-0.008859631861085107,-0.06105785848251799,-0.08915124169897104,0.09227818931995027,35.12903225806452,0.0760903393227365,0.45161290322580644,0.21428571428571427,0.06451612903225806
AAPL,trail_10,31,-0.0284679093987911,-0.05979075520640875,-0.08915124169897104,0.0934679101634549,32.193548387096776,0.09301666127560852,0.45161290322580644,0.5714285714285714,0.2903225806451613
AAPL,atr_3,31,-0.009966496538221318,-0.046685081961934216,-0.08915124169897104,0.07637670393442324,29.06451612903226,0.07451524841503873,0.45161290322580644,0.14285714285714285,0.3548387096774194
AAPL,profit_50,31,-0.010225360791071263,-0.046685081961934216,-0.08915124169897104,0.07459756708595873,26.64516129032258,0.07244502094171638,0.45161290322580644,0,0.3225806451612903
AAPL,profit_lock_v1,31,-0.009299296449624286,-0.046685081961934216,-0.08915124169897104,0.07367052727057824,26.419354838709676,0.0715189566002694,0.45161290322580644,0,0.3548387096774194
ABBV,no_take_profit,34,-0.0006436066278242394,-0.05399425851023393,-0.1109075464853293,0.09543071177559473,40.94117647058823,0.08827203872996396,0.5294117647058824,0.2777777777777778,0
ABBV,fixed_20,34,0.00016171384692262804,-0.05399425851023393,-0.1109075464853293,0.09000377558058413,39,0.08092527386771833,0.5294117647058824,0.2777777777777778,0.14705882352941177
ABBV,trail_10,34,0.0036538337397234054,-0.030736901471920486,-0.1109075464853293,0.08956874027750164,38.55882352941177,0.08397459836241632,0.5294117647058824,0.2222222222222222,0.17647058823529413
ABBV,atr_3,34,0.0041879433053238916,-0.02331976581051254,-0.1109075464853293,0.08538744048562767,34.26470588235294,0.0830402972322326,0.5294117647058824,0.2222222222222222,0.35294117647058826
ABBV,profit_50,34,0.005067053110378328,-0.012591344667733817,-0.1109075464853293,0.08466826625903871,34.294117647058826,0.08216118742717815,0.5294117647058824,0.1111111111111111,0.3235294117647059
ABBV,profit_lock_v1,34,0.007522588850465822,-0.012591344667733817,-0.1109075464853293,0.0823555161203885,33.3235294117647,0.07970565168709066,0.5294117647058824,0.1111111111111111,0.35294117647058826
ABT,no_take_profit,25,-0.04010407795826135,-0.05554556508692854,-0.07811139611420148,0.09458220689585908,38.52,0.08836211393609653,0.4,0.7,0
ABT,fixed_20,25,-0.04010407795826135,-0.05554556508692854,-0.07811139611420148,0.09458220689585908,38.52,0.08836211393609653,0.4,0.7,0
ABT,trail_10,25,-0.03840212984905281,-0.05359348869061897,-0.0756346130745218,0.08939092967311105,35.88,0.08666016582688799,0.4,0.7,0.16
ABT,atr_3,25,-0.02693586239422197,-0.0516511076920656,-0.0756346130745218,0.07688192583375048,30.68,0.07519389837205714,0.4,0.4,0.4
ABT,profit_50,25,-0.02133634529377442,-0.03672016808866274,-0.0756346130745218,0.07107727299134581,29.6,0.0690909053675056,0.4,0,0.4
ABT,profit_lock_v1,25,-0.019877733404429724,-0.03672016808866274,-0.0756346130745218,0.06990126393030321,29.44,0.06763229347816091,0.4,0,0.4
ADBE,no_take_profit,18,-0.03136377068724369,-0.07821089722021263,-0.1331033852089749,0.10428963962301192,28.333333333333332,0.10222881853026794,0.3888888888888889,0.5714285714285714,0
ADBE,fixed_20,18,-0.046649878262546296,-0.07821089722021263,-0.1331033852089749,0.10244247293069919,23.444444444444443,0.10430216450506015,0.3888888888888889,0.5714285714285714,0.1111111111111111
ADBE,trail_10,18,-0.026618952288291666,-0.07407236272325352,-0.10110653407619286,0.09969723281799622,27.61111111111111,0.09748400013131592,0.3888888888888889,0.42857142857142855,0.16666666666666666
ADBE,atr_3,18,-0.01802539637281468,-0.06584096640689202,-0.0942777579963836,0.08551855546016658,24.666666666666668,0.08708804641187806,0.3888888888888889,0.2857142857142857,0.3333333333333333
ADBE,profit_50,18,-0.022398548456372305,-0.06584096640689202,-0.0942777579963836,0.07735837259368702,21,0.07627097665423394,0.3888888888888889,0,0.3333333333333333
ADBE,profit_lock_v1,18,-0.020832772186746944,-0.06584096640689202,-0.0942777579963836,0.0764246211433377,20.88888888888889,0.07470520038460858,0.3888888888888889,0,0.3333333333333333
AMAT,no_take_profit,35,0.08875619901360741,0.038189568070104096,-0.13079922048679493,0.15467831554506856,46.114285714285714,0.13396321476425732,0.7142857142857143,0.24,0
AMAT,fixed_20,35,0.05851691024750796,0.11631803000437935,-0.13079922048679493,0.11748672247764726,31.942857142857143,0.07609807320029682,0.7142857142857143,0.24,0.42857142857142855
AMAT,trail_10,35,0.07669410801348493,0.06244403921990682,-0.12003865009280801,0.1258639727180046,35.77142857142857,0.11479273508905334,0.7142857142857143,0.2,0.45714285714285713
AMAT,atr_3,35,0.03700420060002047,0.014446233698605093,-0.12003865009280801,0.12864749818082774,30.4,0.12662057655889514,0.7142857142857143,0.24,0.5714285714285714
AMAT,profit_50,35,0.008387392691115226,0.022616333471328964,-0.12003865009280801,0.106633824102761,22.542857142857144,0.094843122856548,0.7142857142857143,0.04,0.6571428571428571
AMAT,profit_lock_v1,35,0.008675942088656194,0.022616333471328964,-0.12003865009280801,0.10553195419170355,22.228571428571428,0.09455457345900703,0.7142857142857143,0.04,0.6857142857142857
AMD,no_take_profit,23,0.013606133937228615,-0.10538989799841258,-0.15912589099041874,0.1968107093439532,41.21739130434783,0.20089571832468553,0.5652173913043478,0.46153846153846156,0
AMD,fixed_20,23,0.021454316210767568,-0.09735126152964502,-0.15912589099041874,0.1458275453598513,26.47826086956522,0.11569870852331819,0.5652173913043478,0.3076923076923077,0.34782608695652173
AMD,trail_10,23,0.05867540433831132,-0.028192346998965778,-0.15912589099041874,0.14761452624174068,27.47826086956522,0.14937540815710554,0.5652173913043478,0.15384615384615385,0.4782608695652174
AMD,atr_3,23,0.021859061530982965,-0.07178484238241101,-0.15912589099041874,0.15499912351044717,27.52173913043478,0.16566397412952513,0.5652173913043478,0.3076923076923077,0.5217391304347826
AMD,profit_50,23,0.05241868831797246,0.012302782629191267,-0.15912589099041874,0.15299279346701977,29.782608695652176,0.1603757182352806,0.5652173913043478,0,0.43478260869565216
AMD,profit_lock_v1,23,0.03825384240074543,0.012302782629191267,-0.15912589099041874,0.14480257223977433,25.91304347826087,0.14926919325976268,0.5652173913043478,0,0.5217391304347826
AMT,no_take_profit,14,-0.05425466622074094,-0.06951072199575664,-0.10040584182076684,0.10045846451453526,29.285714285714285,0.10211950387156303,0.42857142857142855,0.6666666666666666,0
AMT,fixed_20,14,-0.05425466622074094,-0.06951072199575664,-0.10040584182076684,0.10045846451453526,29.285714285714285,0.10211950387156303,0.42857142857142855,0.6666666666666666,0
AMT,trail_10,14,-0.049682029617496695,-0.06127440832220293,-0.1000484186574655,0.09548776458964021,28.285714285714285,0.09754686726831878,0.42857142857142855,0.6666666666666666,0.2857142857142857
AMT,atr_3,14,-0.0353360548185101,-0.05669864428683924,-0.1000484186574655,0.0795361623616127,22.785714285714285,0.08057521109905867,0.42857142857142855,0.3333333333333333,0.35714285714285715
AMT,profit_50,14,-0.03075961713596041,-0.05669864428683924,-0.1000484186574655,0.0715907370630126,19,0.07154760605830827,0.42857142857142855,0.16666666666666666,0.35714285714285715
AMT,profit_lock_v1,14,-0.03075961713596041,-0.05669864428683924,-0.1000484186574655,0.0715907370630126,19,0.07154760605830827,0.42857142857142855,0.16666666666666666,0.35714285714285715
AMZN,no_take_profit,29,0.003738713153566174,-0.0562931942917243,-0.10269140035882163,0.1050399406386236,42.48275862068966,0.09408479626232988,0.6206896551724138,0.3888888888888889,0
AMZN,fixed_20,29,0.003821103828826025,-0.0562931942917243,-0.10269140035882163,0.10369141895977009,41.310344827586206,0.09054956271149237,0.6206896551724138,0.3888888888888889,0.1724137931034483
AMZN,trail_10,29,0.009683453291518195,-0.02665856257564725,-0.10269140035882163,0.09443739284495738,38.96551724137931,0.08570873867602913,0.6206896551724138,0.4444444444444444,0.27586206896551724
AMZN,atr_3,29,-0.0062635704974540515,-0.011060379958520716,-0.08932184266656407,0.08208703745677505,28.275862068965516,0.08074372460339606,0.6206896551724138,0.3888888888888889,0.5517241379310345
AMZN,profit_50,29,0.00770107245311097,0.023036638215369498,-0.08932184266656407,0.07101688661509628,24.551724137931036,0.06511455873440106,0.6206896551724138,0,0.4827586206896552
AMZN,profit_lock_v1,29,-0.00018677427115462814,0.023036638215369498,-0.08932184266656407,0.07086349991480963,23.482758620689655,0.0691103547282899,0.6206896551724138,0,0.5862068965517241
APD,no_take_profit,21,-0.0243735923303025,-0.049720831933320775,-0.08281158411902456,0.08848484625505612,30.38095238095238,0.07900490520405512,0.3333333333333333,0.42857142857142855,0
APD,fixed_20,21,-0.023049767802273635,-0.049720831933320775,-0.08281158411902456,0.08415738498673879,26.761904761904763,0.07399365231142686,0.3333333333333333,0.42857142857142855,0.09523809523809523
APD,trail_10,21,-0.02494842328594897,-0.0491294288079851,-0.08281158411902456,0.08703512037598093,29.61904761904762,0.07922215134546029,0.3333333333333333,0.42857142857142855,0.19047619047619047
APD,atr_3,21,-0.020520611431825143,-0.0491294288079851,-0.08281158411902456,0.07434751677208866,22.952380952380953,0.07356923231747202,0.3333333333333333,0.2857142857142857,0.2857142857142857
APD,profit_50,21,-0.025165961271718884,-0.0491294288079851,-0.08281158411902456,0.07300908108299005,21.523809523809526,0.07203173464386184,0.3333333333333333,0,0.23809523809523808
APD,profit_lock_v1,21,-0.022074817929126394,-0.0491294288079851,-0.08281158411902456,0.07047788755598225,20.523809523809526,0.06894059130126934,0.3333333333333333,0,0.2857142857142857
ASML,no_take_profit,31,0.01011629612595496,-0.062198618267799155,-0.09908394168917023,0.14263036889666378,39.96774193548387,0.1298862121044798,0.6129032258064516,0.42105263157894735,0
ASML,fixed_20,31,0.012126152481208071,-0.062198618267799155,-0.09908394168917023,0.12045156469761448,31.032258064516128,0.09742840102364901,0.6129032258064516,0.42105263157894735,0.2903225806451613
ASML,trail_10,31,0.004669523146971548,-0.019289851221122034,-0.09682246672182182,0.11675628003108449,26.806451612903224,0.11164132856734621,0.6129032258064516,0.42105263157894735,0.5161290322580645
ASML,atr_3,31,0.008613664462936913,-0.010607177093493902,-0.09682246672182182,0.1092840634317331,25.838709677419356,0.10560682961603468,0.6129032258064516,0.3157894736842105,0.5483870967741935
ASML,profit_50,31,0.00889078288112106,0.015356492173484781,-0.09682246672182182,0.09066840857343149,22.129032258064516,0.08593054702678075,0.6129032258064516,0.05263157894736842,0.5483870967741935
ASML,profit_lock_v1,31,0.018591050741652106,0.026254752414054172,-0.09682246672182182,0.0839327257635663,21.161290322580644,0.0762302791662497,0.6129032258064516,0.05263157894736842,0.5806451612903226
AVGO,no_take_profit,41,0.0930896247870181,0.061530828867788934,-0.12134603271908584,0.1295032305069305,46,0.10282079971380916,0.7560975609756098,0.1935483870967742,0
AVGO,fixed_20,41,0.0825415420338555,0.07505547082227992,-0.12134603271908584,0.1078746747792513,34.53658536585366,0.07043382654930748,0.7560975609756098,0.1935483870967742,0.3902439024390244
AVGO,trail_10,41,0.06165295863517173,0.026576000138318845,-0.10814936097015915,0.11218411321702004,36.853658536585364,0.10900996491184889,0.7560975609756098,0.2903225806451613,0.43902439024390244
AVGO,atr_3,41,0.050189371325674,0.030861359322601478,-0.10814936097015915,0.10542605300660067,33.926829268292686,0.10155589862799955,0.7560975609756098,0.2903225806451613,0.5121951219512195
AVGO,profit_50,41,0.0463505903327085,0.0337762023471293,-0.10814936097015915,0.0916627088283212,26.70731707317073,0.07957259910329749,0.7560975609756098,0.06451612903225806,0.5853658536585366
AVGO,profit_lock_v1,41,0.03782430402648197,0.0337762023471293,-0.10814936097015915,0.09064521831087351,25.51219512195122,0.08117921612071846,0.7560975609756098,0.06451612903225806,0.6341463414634146
AXP,no_take_profit,36,0.019069368022637687,-0.010884798553506936,-0.09621817921636211,0.09456304230471155,43.666666666666664,0.07320087038340131,0.6388888888888888,0.21739130434782608,0
AXP,fixed_20,36,0.018854000611302223,-0.010884798553506936,-0.09621817921636211,0.09456304230471155,42.638888888888886,0.07188885829909457,0.6388888888888888,0.21739130434782608,0.05555555555555555
AXP,trail_10,36,0.017357853262981796,-0.017570120402449874,-0.08197897228172912,0.089733907112413,41.916666666666664,0.07001067155902438,0.6388888888888888,0.2608695652173913,0.16666666666666666
AXP,atr_3,36,-0.0017250239490369924,-0.0018355264700771756,-0.08197897228172912,0.08180394747542893,31.833333333333332,0.0761452726518316,0.6388888888888888,0.21739130434782608,0.5
AXP,profit_50,36,0.0019408654631121027,0.015254408291114907,-0.08197897228172912,0.07626366142373009,29.194444444444443,0.06979476111622125,0.6388888888888888,0.043478260869565216,0.5277777777777778
AXP,profit_lock_v1,36,-0.0002886566630468965,0.015254408291114907,-0.08197897228172912,0.07630333341117017,28.77777777777778,0.07053517405376009,0.6388888888888888,0.043478260869565216,0.5555555555555556
BA,no_take_profit,20,0.0002904246668488264,-0.042655652898953345,-0.1255304242319688,0.11322262427580226,44.45,0.09425105958094404,0.5,0.2,0
BA,fixed_20,20,0.007512323051397302,-0.042655652898953345,-0.1255304242319688,0.10422698802517537,40.2,0.08183962799741028,0.5,0.2,0.15
BA,trail_10,20,-0.0015709251140246737,-0.01484979874379333,-0.1255304242319688,0.1052707378020118,39.15,0.09611240936181753,0.5,0.1,0.3
BA,atr_3,20,-0.014428083299289723,-0.010305513495001362,-0.1255304242319688,0.09969094639474832,33.25,0.09542262366030524,0.5,0.3,0.4
BA,profit_50,20,-0.020318559646764912,0.0018918668510004566,-0.1255304242319688,0.09200275795237073,27.1,0.09111047132819013,0.5,0,0.5
BA,profit_lock_v1,20,-0.01979783832189024,0.0018918668510004566,-0.1255304242319688,0.09140757618995986,26.95,0.09058975000331546,0.5,0,0.5
BABA,no_take_profit,15,-0.0018896502253089513,-0.09760231625444626,-0.19457155224974376,0.18790789460601917,32.93333333333333,0.19007649207445843,0.4666666666666667,0.2857142857142857,0
BABA,fixed_20,15,-0.009871000313203227,-0.09760231625444626,-0.19457155224974376,0.12739441002263643,18.733333333333334,0.11581320895673579,0.4666666666666667,0.2857142857142857,0.3333333333333333
BABA,trail_10,15,0.036158906939625444,-0.07057988447997854,-0.14814505299591363,0.14065830982169594,22,0.14938904009463405,0.4666666666666667,0.2857142857142857,0.4666666666666667
BABA,atr_3,15,0.027327029408663005,-0.07057988447997854,-0.14814505299591363,0.14712123894482906,24.2,0.16085981244048647,0.4666666666666667,0.2857142857142857,0.4666666666666667
BABA,profit_50,15,-0.02800105489751068,-0.07057988447997854,-0.14814505299591363,0.1386210199642597,18.533333333333335,0.15246072820268702,0.4666666666666667,0.2857142857142857,0.4666666666666667
BABA,profit_lock_v1,15,-0.010252909116884642,-0.07057988447997854,-0.14814505299591363,0.12709200069221663,18,0.13471258242206097,0.4666666666666667,0.2857142857142857,0.4666666666666667
BAC,no_take_profit,31,0.026124679688351478,0.03078514944652677,-0.09064559587833787,0.09936914537850929,45.064516129032256,0.0785535827693235,0.7419354838709677,0.30434782608695654,0
BAC,fixed_20,31,0.026133488898914214,0.03078514944652677,-0.09064559587833787,0.09767554781015918,43.38709677419355,0.07538440459141545,0.7419354838709677,0.30434782608695654,0.0967741935483871
BAC,trail_10,31,0.024099046298112173,0.008676311298569939,-0.0638012673377023,0.08999927450546838,41.774193548387096,0.07421690656416519,0.7419354838709677,0.30434782608695654,0.2903225806451613
BAC,atr_3,31,0.0330690344974739,0.02777009471749703,-0.06269349816322456,0.0705921997582397,35.29032258064516,0.06267732811107211,0.7419354838709677,0.21739130434782608,0.5806451612903226
BAC,profit_50,31,0.022965718223704225,0.03533982729973584,-0.06269349816322456,0.06911695475484494,33,0.06533593554071455,0.7419354838709677,0.043478260869565216,0.6774193548387096
BAC,profit_lock_v1,31,0.02866232826295381,0.03533982729973584,-0.06269349816322456,0.06412609680517375,32.225806451612904,0.05963932550146497,0.7419354838709677,0.043478260869565216,0.6774193548387096
BKNG,no_take_profit,32,-0.022454024821417777,-0.062424966716287056,-0.11948717824781319,0.11415804254109323,41.125,0.10827392660199714,0.5625,0.4444444444444444,0
BKNG,fixed_20,32,-0.02140917297607526,-0.062424966716287056,-0.11948717824781319,0.11048153863125344,38.03125,0.1014660128629147,0.5625,0.4444444444444444,0.125
BKNG,trail_10,32,-0.006761328896792516,-0.029979520193409936,-0.09389749475207254,0.09880033797881077,37.34375,0.09258123067737188,0.5625,0.4444444444444444,0.3125
BKNG,atr_3,32,-0.0037877837548171527,-0.015580509970455791,-0.09389749475207254,0.0903403367507258,30.5,0.08602094661804928,0.5625,0.3888888888888889,0.53125
BKNG,profit_50,32,0.006370104473592063,0.009840051153542362,-0.09389749475207254,0.07863730493209324,27.90625,0.07160650583752382,0.5625,0,0.5
BKNG,profit_lock_v1,32,0.006422365322268912,0.009840051153542362,-0.09389749475207254,0.07863730493209324,27.6875,0.07155424498884697,0.5625,0,0.53125
BLK,no_take_profit,27,-0.018090317615454675,-0.0523713310428523,-0.09661635850666661,0.08933617064732739,38.925925925925924,0.08236589046022334,0.5185185185185185,0.35714285714285715,0
BLK,fixed_20,27,-0.01803488941183289,-0.0523713310428523,-0.09661635850666661,0.08933617064732739,38.888888888888886,0.08232270851222642,0.5185185185185185,0.35714285714285715,0.037037037037037035
BLK,trail_10,27,-0.016138532986633782,-0.049225720793865335,-0.08406471893783374,0.08524969034597109,36.407407407407405,0.08002677532738851,0.5185185185185185,0.42857142857142855,0.2222222222222222
BLK,atr_3,27,-0.016356481700108165,-0.013757221361640704,-0.08406471893783374,0.07424823062515916,28.48148148148148,0.07221005817680666,0.5185185185185185,0.2857142857142857,0.37037037037037035
BLK,profit_50,27,-0.008276074873989145,0.012805010588897492,-0.08406471893783374,0.0664148103601348,25.74074074074074,0.06122835452069449,0.5185185185185185,0,0.4074074074074074
BLK,profit_lock_v1,27,-0.011078940950510825,0.012805010588897492,-0.08406471893783374,0.06646717259181911,24.48148148148148,0.06319439500680289,0.5185185185185185,0,0.4444444444444444
CAT,no_take_profit,35,0.0619404044694927,-0.054799692913852005,-0.10725837442986652,0.11726109006087095,46.65714285714286,0.10357558216381184,0.7142857142857143,0.32,0
CAT,fixed_20,35,0.05053007579410789,0.016634770440740132,-0.10725837442986652,0.10164670859925125,35.97142857142857,0.07703732634299557,0.7142857142857143,0.28,0.4
CAT,trail_10,35,0.04963956476708464,0.0017153304470796105,-0.1069606078061407,0.10080535686919269,38.857142857142854,0.09912513701325724,0.7142857142857143,0.28,0.45714285714285713
CAT,atr_3,35,0.05135962469605551,0.005161733737924612,-0.1069606078061407,0.09093545509433877,33.17142857142857,0.09156378189997057,0.7142857142857143,0.28,0.5142857142857142
CAT,profit_50,35,0.052788099354228235,0.029678023448036717,-0.1069606078061407,0.07189807371195456,27.057142857142857,0.06667178857244091,0.7142857142857143,0,0.4857142857142857
CAT,profit_lock_v1,35,0.05217283341897242,0.029678023448036717,-0.1069606078061407,0.07169028097325829,26.02857142857143,0.06728705450769673,0.7142857142857143,0,0.5428571428571428
CMG,no_take_profit,23,0.03418475792809674,-0.0529863221523984,-0.09385560140651161,0.09399102995102229,43,0.08513201093096111,0.5652173913043478,0.23076923076923078,0
CMG,fixed_20,23,0.02374807715926376,-0.0529863221523984,-0.09385560140651161,0.09284358899303964,36.608695652173914,0.0801680708345743,0.5652173913043478,0.23076923076923078,0.2608695652173913
CMG,trail_10,23,0.03639446585698825,-0.0347766369122251,-0.09385560140651161,0.08850614665277699,41.65217391304348,0.0829223030020696,0.5652173913043478,0.3076923076923077,0.17391304347826086
CMG,atr_3,23,0.0251337569764094,0.004290228555589248,-0.09385560140651161,0.0786771394233534,35.47826086956522,0.07986758018035897,0.5652173913043478,0.07692307692307693,0.43478260869565216
CMG,profit_50,23,0.03123507032289943,0.004290228555589248,-0.09385560140651161,0.07816243880914231,36.34782608695652,0.0761210067342857,0.5652173913043478,0.07692307692307693,0.30434782608695654
CMG,profit_lock_v1,23,0.02630132581705265,0.004290228555589248,-0.09385560140651161,0.07763135608190574,35.34782608695652,0.07870001133971573,0.5652173913043478,0.07692307692307693,0.43478260869565216
COP,no_take_profit,27,0.0011986831657697114,-0.05662061473672886,-0.1131184313242175,0.1365321865193347,40.888888888888886,0.11870414891617091,0.5555555555555556,0.26666666666666666,0
COP,fixed_20,27,0.01984909248908339,-0.0533647535306927,-0.1131184313242175,0.1184387167541512,34.81481481481482,0.08299871832677151,0.5555555555555556,0.2,0.25925925925925924
COP,trail_10,27,-0.02966199578237327,-0.059972319415411035,-0.1131184313242175,0.12040464147758535,29.77777777777778,0.12782754363856705,0.5555555555555556,0.5333333333333333,0.48148148148148145
COP,atr_3,27,-0.018024355361241785,-0.02975175535286223,-0.1131184313242175,0.11016127247179826,27.074074074074073,0.11618990321743557,0.5555555555555556,0.4,0.5185185185185185
COP,profit_50,27,-0.015494530128519354,0.008030409941905514,-0.1131184313242175,0.09671199805880432,21.48148148148148,0.09660043566812032,0.5555555555555556,0.06666666666666667,0.5555555555555556
COP,profit_lock_v1,27,-0.012292384797172939,0.008030409941905514,-0.1131184313242175,0.09402059454923992,21.185185185185187,0.09339829033677391,0.5555555555555556,0.06666666666666667,0.5555555555555556
COST,no_take_profit,32,0.04142612605119339,0.0422404339050686,-0.08457129452824708,0.08131624541102063,46.40625,0.06969284017038505,0.75,0.25,0
COST,fixed_20,32,0.0393900092088227,0.0422404339050686,-0.08457129452824708,0.07847655222657973,43.84375,0.06570244683734396,0.75,0.25,0.1875
COST,trail_10,32,0.04282822869902864,0.029926511611263362,-0.0794662269598655,0.07735259569807634,44.40625,0.06829073752254979,0.75,0.2916666666666667,0.15625
COST,atr_3,32,0.048077383337826615,0.04319131139664256,-0.06385932384135162,0.06131676603053733,37.03125,0.05851344914134465,0.75,0.08333333333333333,0.5
COST,profit_50,32,0.044496782324167566,0.02843885373266375,-0.06385932384135162,0.05828848575049494,34.3125,0.053980179775394765,0.75,0.041666666666666664,0.5
COST,profit_lock_v1,32,0.041714736825555654,0.02843885373266375,-0.06385932384135162,0.05797059191715308,33.5,0.05586508889867334,0.75,0.041666666666666664,0.5625
CRM,no_take_profit,19,0.012062558238545155,-0.042688360227225,-0.11021258537361256,0.11662919282198084,45.68421052631579,0.10671673274368158,0.6842105263157895,0.38461538461538464,0
CRM,fixed_20,19,0.01315917245638531,-0.042688360227225,-0.11021258537361256,0.1108223718723673,41.73684210526316,0.10093943114800288,0.6842105263157895,0.38461538461538464,0.21052631578947367
CRM,trail_10,19,0.014955166019340023,-0.014314160946918508,-0.1064684905637504,0.10546645154750464,39.21052631578947,0.10382412496288672,0.6842105263157895,0.46153846153846156,0.3157894736842105
CRM,atr_3,19,0.01806456529552634,0.027302263647729363,-0.1064684905637504,0.08652839397042629,30.36842105263158,0.08734146535250836,0.6842105263157895,0.07692307692307693,0.631578947368421
CRM,profit_50,19,0.011867003308636395,0.03165755596388342,-0.1064684905637504,0.08101770887812357,26.36842105263158,0.08220063361540393,0.6842105263157895,0,0.631578947368421
CRM,profit_lock_v1,19,0.013810201827062578,0.03165755596388342,-0.1064684905637504,0.07899482724755857,25.105263157894736,0.08025743509697776,0.6842105263157895,0,0.6842105263157895
CVX,no_take_profit,31,0.02367869963604113,-0.05533171418256866,-0.0955521529536909,0.09443842747542887,38.45161290322581,0.08739851930306634,0.45161290322580644,0.21428571428571427,0
CVX,fixed_20,31,0.009916937924855703,-0.05533171418256866,-0.0955521529536909,0.08696910994509165,32.67741935483871,0.07296114196503367,0.45161290322580644,0.21428571428571427,0.22580645161290322
CVX,trail_10,31,0.014712171162849426,-0.048804677455287604,-0.09340845199777703,0.0879828833905097,33.03225806451613,0.08627001841801016,0.45161290322580644,0.14285714285714285,0.22580645161290322
CVX,atr_3,31,0.006566181592175949,-0.04858130819966733,-0.09340845199777703,0.08459497952852485,28.580645161290324,0.08395115618692221,0.45161290322580644,0.2857142857142857,0.3225806451612903
CVX,profit_50,31,0.0037858202521993123,-0.04858130819966733,-0.09340845199777703,0.07800314445308272,25.580645161290324,0.07670929183482905,0.45161290322580644,0.14285714285714285,0.3225806451612903
CVX,profit_lock_v1,31,0.006182570022644504,-0.04858130819966733,-0.09340845199777703,0.07678331726117928,25.419354838709676,0.07431254206438385,0.45161290322580644,0.14285714285714285,0.3225806451612903
DE,no_take_profit,24,-0.01259498795437706,-0.06977191056978754,-0.12028108525690728,0.11600707351625661,40.041666666666664,0.10779443522839056,0.4166666666666667,0.2,0
DE,fixed_20,24,-0.01554155900897892,-0.06977191056978754,-0.12028108525690728,0.11030109034344304,34.916666666666664,0.09970945871675244,0.4166666666666667,0.2,0.125
DE,trail_10,24,-0.017770623630773585,-0.06977191056978754,-0.12028108525690728,0.11321431502873433,37.541666666666664,0.11091609177216226,0.4166666666666667,0.2,0.20833333333333334
DE,atr_3,24,-0.02324121983628139,-0.06685801000316999,-0.12028108525690728,0.1037082137139876,31.291666666666668,0.10453020303692306,0.4166666666666667,0.2,0.3333333333333333
DE,profit_50,24,-0.028384883580559146,-0.06685801000316999,-0.12028108525690728,0.09937048883577,27.375,0.0988098399455462,0.4166666666666667,0,0.375
DE,profit_lock_v1,24,-0.02751473990216971,-0.06685801000316999,-0.12028108525690728,0.09848394286361378,27.291666666666668,0.09793969626715676,0.4166666666666667,0,0.375
DUK,no_take_profit,35,-0.014399984087866887,-0.046451208873536376,-0.07445772662104344,0.06879754083709337,40.8,0.05863114232886803,0.4,0,0
DUK,fixed_20,35,-0.014399984087866887,-0.046451208873536376,-0.07445772662104344,0.06879754083709337,40.8,0.05863114232886803,0.4,0,0
DUK,trail_10,35,-0.014399984087866887,-0.046451208873536376,-0.07445772662104344,0.06879754083709337,40.8,0.05863114232886803,0.4,0,0
DUK,atr_3,35,-0.02057864362352758,-0.046451208873536376,-0.07445772662104344,0.06639039757493818,36.22857142857143,0.062444437015306324,0.4,0,0.2571428571428571
DUK,profit_50,35,-0.0199661308897939,-0.046451208873536376,-0.07445772662104344,0.06515189377035671,34.22857142857143,0.06093643825041155,0.4,0,0.2857142857142857
DUK,profit_lock_v1,35,-0.0199661308897939,-0.046451208873536376,-0.07445772662104344,0.06515189377035671,34.22857142857143,0.06093643825041155,0.4,0,0.2857142857142857
ECL,no_take_profit,29,-0.010984992923262264,-0.0394314994758036,-0.07338087565060769,0.07870518301924902,42.48275862068966,0.06938229678718447,0.4827586206896552,0.2857142857142857,0
ECL,fixed_20,29,-0.010984992923262264,-0.0394314994758036,-0.07338087565060769,0.07870518301924902,42.48275862068966,0.06938229678718447,0.4827586206896552,0.2857142857142857,0
ECL,trail_10,29,-0.00910479818342855,-0.03919564768893169,-0.07292199749516415,0.07638444081555097,42,0.06750210204735076,0.4827586206896552,0.2857142857142857,0.10344827586206896
ECL,atr_3,29,-0.005589212602173951,-0.007842280809806423,-0.06752666981068733,0.0630977107148292,35,0.05964049804518365,0.4827586206896552,0.07142857142857142,0.3793103448275862
ECL,profit_50,29,-0.00377162331842448,0.0005676264549347998,-0.06752666981068733,0.06313454324727631,35.44827586206897,0.05797389261460074,0.4827586206896552,0,0.3448275862068966
ECL,profit_lock_v1,29,-0.0039636921378931635,0.0005676264549347998,-0.06752666981068733,0.06121275324355775,34.241379310344826,0.05766574940042628,0.4827586206896552,0,0.3793103448275862
ETN,no_take_profit,37,0.031860180982622735,-0.039660373893694034,-0.08442790388551236,0.09451096838848981,44.2972972972973,0.07700427220993457,0.6216216216216216,0.21739130434782608,0
ETN,fixed_20,37,0.021921747749817783,-0.039660373893694034,-0.08442790388551236,0.09280522526642895,41,0.07523107282465419,0.6216216216216216,0.21739130434782608,0.16216216216216217
ETN,trail_10,37,0.02290875687694279,-0.03793607643005681,-0.08442790388551236,0.08897265560981166,39.54054054054054,0.08107362664260874,0.6216216216216216,0.30434782608695654,0.24324324324324326
ETN,atr_3,37,0.031871734469977465,0.002931812058603711,-0.08442790388551236,0.0764072244681191,33.67567567567568,0.06979051568065994,0.6216216216216216,0.17391304347826086,0.43243243243243246
ETN,profit_50,37,0.020066867353215695,0.013500344791111285,-0.08442790388551236,0.06968809953545382,27.324324324324323,0.06398104097745456,0.6216216216216216,0.043478260869565216,0.4864864864864865
ETN,profit_lock_v1,37,0.02193169570943984,0.013500344791111285,-0.08442790388551236,0.0679801363474776,26.972972972972972,0.062116212621230425,0.6216216216216216,0.043478260869565216,0.5135135135135135
FCX,no_take_profit,24,0.016586378874680178,-0.09613276271745419,-0.15754350561339192,0.17917959151222287,41.125,0.15262500604188217,0.6666666666666666,0.375,0
FCX,fixed_20,24,0.004863065150353854,-0.09613276271745419,-0.15754350561339192,0.1475292016532621,28.541666666666668,0.11862411899857356,0.6666666666666666,0.375,0.375
FCX,trail_10,24,0.013912194712192428,-0.046220752138498744,-0.1537952194579285,0.1369305311547468,27.541666666666668,0.1374532974487252,0.6666666666666666,0.4375,0.5
FCX,atr_3,24,0.0036022206916166374,-0.046220752138498744,-0.1537952194579285,0.14266029150694653,27.75,0.147763271469301,0.6666666666666666,0.5,0.5
FCX,profit_50,24,0.022195528407799647,0.013612565227115625,-0.1537952194579285,0.11985083767364173,22.041666666666668,0.11522664507659983,0.6666666666666666,0.1875,0.5416666666666666
FCX,profit_lock_v1,24,0.022195528407799647,0.013612565227115625,-0.1537952194579285,0.11985083767364173,22.041666666666668,0.11522664507659983,0.6666666666666666,0.1875,0.5416666666666666
GE,no_take_profit,39,0.07893372593366726,0.048940535572800536,-0.10038572794903922,0.08767755867017606,47.794871794871796,0.06778195338285463,0.6923076923076923,0.14814814814814814,0
GE,fixed_20,39,0.0518422808632132,0.048940535572800536,-0.10038572794903922,0.08128929678234582,39.61538461538461,0.05953296825659774,0.6923076923076923,0.14814814814814814,0.2564102564102564
GE,trail_10,39,0.0751713964704618,0.04720546956788407,-0.10038572794903922,0.08128938556336976,44.35897435897436,0.06968020413624494,0.6923076923076923,0.18518518518518517,0.20512820512820512
GE,atr_3,39,0.06671954462342482,0.009083740277742391,-0.08168801047946705,0.07679193381818195,40,0.06968429553676816,0.6923076923076923,0.25925925925925924,0.358974358974359
GE,profit_50,39,0.054768914236051514,0.020785259134771472,-0.08168801047946705,0.06587982175496887,31.641025641025642,0.057434312151454565,0.6923076923076923,0.037037037037037035,0.46153846153846156
GE,profit_lock_v1,39,0.050860943291990354,0.020785259134771472,-0.08168801047946705,0.06599040628511665,30.794871794871796,0.059019762691216886,0.6923076923076923,0.037037037037037035,0.48717948717948717
GOOGL,no_take_profit,34,0.07440172006841576,0.05239813235727486,-0.07827347628663739,0.09756629086854379,49.088235294117645,0.07604640368829829,0.7352941176470589,0.24,0
GOOGL,fixed_20,34,0.05550247128930185,0.08379479470043927,-0.07827347628663739,0.0887992244703469,43.029411764705884,0.06611618068683262,0.7352941176470589,0.24,0.29411764705882354
GOOGL,trail_10,34,0.08008320598266704,0.04298156299475697,-0.07455118956548279,0.08748013376809391,45.61764705882353,0.06994460182124222,0.7352941176470589,0.28,0.2647058823529412
GOOGL,atr_3,34,0.05785491241183991,0.02693818037691742,-0.07455118956548279,0.07505821680665825,37.76470588235294,0.0681662256244211,0.7352941176470589,0.2,0.5294117647058824
GOOGL,profit_50,34,0.05625443800101293,0.021425610497276537,-0.07455118956548279,0.06893330568350849,31.441176470588236,0.06305278949360867,0.7352941176470589,0,0.5882352941176471
GOOGL,profit_lock_v1,34,0.03942113424490908,0.021425610497276537,-0.07455118956548279,0.06703348210680005,29.852941176470587,0.06443889264315698,0.7352941176470589,0,0.6470588235294118
GS,no_take_profit,38,0.04095343820700511,0.07220146387353854,-0.09235155989246124,0.09962015570441056,43.39473684210526,0.07576744356641196,0.6578947368421053,0.16,0
GS,fixed_20,38,0.04442376336218871,0.07220146387353854,-0.09235155989246124,0.09305295858516277,38.21052631578947,0.0648278255784081,0.6578947368421053,0.16,0.23684210526315788
GS,trail_10,38,0.03432356147653141,0.012993480530840151,-0.08986700324688679,0.09265502823673778,38.36842105263158,0.07822719451913722,0.6578947368421053,0.08,0.2631578947368421
GS,atr_3,38,0.015198501329884297,0.010386181114315218,-0.08986700324688679,0.08398914442918609,28.342105263157894,0.07855209359329274,0.6578947368421053,0.16,0.5526315789473685
GS,profit_50,38,0.006469170699525628,0.023798862444862734,-0.08986700324688679,0.0728293536018555,22.157894736842106,0.07074564668687637,0.6578947368421053,0.08,0.6052631578947368
GS,profit_lock_v1,38,0.006763846615264708,0.023798862444862734,-0.08986700324688679,0.07234833356025508,22.13157894736842,0.07045097077113728,0.6578947368421053,0.08,0.6052631578947368
HD,no_take_profit,26,-0.005314959793493774,-0.04930316792827438,-0.0826184143128208,0.08902643096531011,38.15384615384615,0.07821386433543866,0.5384615384615384,0.35714285714285715,0
HD,fixed_20,26,-0.006600343761971093,-0.04930316792827438,-0.0826184143128208,0.08902643096531011,37.80769230769231,0.07722151864896884,0.5384615384615384,0.35714285714285715,0.038461538461538464
HD,trail_10,26,-0.0069067944048605365,-0.04814682272062604,-0.07981612643497693,0.08531163806113115,35.88461538461539,0.07980569894680542,0.5384615384615384,0.5,0.23076923076923078
HD,atr_3,26,-0.005182915682764313,-0.021809403717381715,-0.07777481535558772,0.07161840396774,29.384615384615383,0.07251731454730606,0.5384615384615384,0.2857142857142857,0.46153846153846156
HD,profit_50,26,-0.00457805413438015,-0.0033346852843819663,-0.07777481535558772,0.06844551874289533,27.03846153846154,0.06798442872136519,0.5384615384615384,0.14285714285714285,0.46153846153846156
HD,profit_lock_v1,26,-0.003228274177156043,-0.0033346852843819663,-0.07777481535558772,0.06761899569107056,26.923076923076923,0.06663464876414107,0.5384615384615384,0.14285714285714285,0.46153846153846156
HON,no_take_profit,21,-0.031147449045516622,-0.05028932043351442,-0.06916604963413142,0.07304565212914335,27.80952380952381,0.06243251908122641,0.23809523809523808,0,0
HON,fixed_20,21,-0.031147449045516622,-0.05028932043351442,-0.06916604963413142,0.07304565212914335,27.80952380952381,0.06243251908122641,0.23809523809523808,0,0
HON,trail_10,21,-0.03367853683479346,-0.05028932043351442,-0.06916604963413142,0.07285252792067298,27,0.06496360687050325,0.23809523809523808,0.2,0.047619047619047616
HON,atr_3,21,-0.04267428302822144,-0.05028932043351442,-0.06916604963413142,0.06661944130175072,20.142857142857142,0.06739392551890369,0.23809523809523808,0.2,0.23809523809523808
HON,profit_50,21,-0.040731679821728706,-0.05028932043351442,-0.06916604963413142,0.06545965810071118,20.047619047619047,0.06545132231241096,0.23809523809523808,0.2,0.23809523809523808
HON,profit_lock_v1,21,-0.040731679821728706,-0.05028932043351442,-0.06916604963413142,0.06545965810071118,20.047619047619047,0.06545132231241096,0.23809523809523808,0.2,0.23809523809523808
INTC,no_take_profit,20,0.15493618728573394,-0.0023773782814822675,-0.2025458792454048,0.18968065699185216,47.3,0.19291473002079235,0.75,0.3333333333333333,0
INTC,fixed_20,20,0.0741887535394236,0.07111196506957018,-0.15161920341614898,0.13123519032243983,30.15,0.08114804310335219,0.75,0.2,0.45
INTC,trail_10,20,0.16444674811270804,-0.025967433365270354,-0.15161920341614898,0.13856015475563255,29.25,0.15670496610218226,0.75,0.4,0.65
INTC,atr_3,20,0.1402774501735152,0.005521248337591378,-0.15161920341614898,0.13939129189084687,26.8,0.1646767233633145,0.75,0.26666666666666666,0.7
INTC,profit_50,20,0.185672172004626,0.028543639859011982,-0.15161920341614898,0.12605389523868507,27.3,0.12394093546653222,0.75,0,0.55
INTC,profit_lock_v1,20,0.16123915824748308,0.028543639859011982,-0.15161920341614898,0.12089419390543184,23.8,0.13217640854561452,0.75,0,0.7
JNJ,no_take_profit,28,0.022421572354280644,-0.034504726398984886,-0.06553942927177214,0.05983176276798995,39.25,0.047252406943221824,0.4642857142857143,0.07692307692307693,0
JNJ,fixed_20,28,0.02297625234744435,-0.034504726398984886,-0.06553942927177214,0.058561521276980576,38.17857142857143,0.04573951906688013,0.4642857142857143,0.07692307692307693,0.10714285714285714
JNJ,trail_10,28,0.022421572354280644,-0.034504726398984886,-0.06553942927177214,0.05983176276798995,39.25,0.047252406943221824,0.4642857142857143,0.07692307692307693,0
JNJ,atr_3,28,0.012735871462857321,-0.034504726398984886,-0.06553942927177214,0.055525568210573376,31.857142857142858,0.05120527181495305,0.4642857142857143,0.15384615384615385,0.25
JNJ,profit_50,28,0.023430833315540328,-0.034504726398984886,-0.06553942927177214,0.05182847026711848,32.25,0.04447143353062471,0.4642857142857143,0,0.17857142857142858
JNJ,profit_lock_v1,28,0.01675849472461011,-0.034504726398984886,-0.06553942927177214,0.05181691898488017,31.214285714285715,0.047182648553200264,0.4642857142857143,0,0.25
JPM,no_take_profit,41,0.025711927072614844,0.007893290475906811,-0.07485445642327726,0.08246872525749553,44.97560975609756,0.0643424382361904,0.6829268292682927,0.25,0
JPM,fixed_20,41,0.02582044278338937,0.007893290475906811,-0.07485445642327726,0.08152050435237386,42.829268292682926,0.0622986727623391,0.6829268292682927,0.25,0.12195121951219512
JPM,trail_10,41,0.023802818990177787,-0.01574421084269062,-0.07485445642327726,0.07948170294712738,41.90243902439025,0.06529272812380439,0.6829268292682927,0.32142857142857145,0.21951219512195122
JPM,atr_3,41,0.013676333618338475,-0.0018209358282542665,-0.07485445642327726,0.06736020434239616,33.146341463414636,0.0658446614623335,0.6829268292682927,0.2857142857142857,0.5365853658536586
JPM,profit_50,41,0.019625165464286724,0.021715287038876818,-0.07485445642327726,0.06363746033361467,30.70731707317073,0.05951338930703599,0.6829268292682927,0.10714285714285714,0.5121951219512195
JPM,profit_lock_v1,41,0.020119985677174684,0.021715287038876818,-0.07485445642327726,0.062201246008923655,30.390243902439025,0.05901856909414802,0.6829268292682927,0.10714285714285714,0.5365853658536586
KO,no_take_profit,33,0.007884148458228794,-0.01848676140803851,-0.06307511670701071,0.05621775200786122,41.90909090909091,0.04225291009359792,0.42424242424242425,0.07142857142857142,0
KO,fixed_20,33,0.007884148458228794,-0.01848676140803851,-0.06307511670701071,0.05621775200786122,41.90909090909091,0.04225291009359792,0.42424242424242425,0.07142857142857142,0
KO,trail_10,33,0.005696946455324293,-0.030929332778048546,-0.06307511670701071,0.05621775200786122,41.60606060606061,0.04444011209650242,0.42424242424242425,0.14285714285714285,0.030303030303030304
KO,atr_3,33,0.006485525718863069,0.0042311079024131,-0.06307511670701071,0.052172626626273685,37.75757575757576,0.04339329212610884,0.42424242424242425,0,0.18181818181818182
KO,profit_50,33,0.00026893672991094056,0.0042311079024131,-0.06307511670701071,0.04980970854249259,34.666666666666664,0.04236356496273125,0.42424242424242425,0,0.21212121212121213
KO,profit_lock_v1,33,0.0005310387811938643,0.0042311079024131,-0.06307511670701071,0.04974652009100239,34.24242424242424,0.042101462911448326,0.42424242424242425,0,0.24242424242424243
LIN,no_take_profit,34,-0.004773309567262855,-0.03898768368329791,-0.07334905478255482,0.07064404454362937,40.38235294117647,0.057851695497507453,0.47058823529411764,0.25,0
LIN,fixed_20,34,-0.004773309567262855,-0.03898768368329791,-0.07334905478255482,0.07064404454362937,40.38235294117647,0.057851695497507453,0.47058823529411764,0.25,0
LIN,trail_10,34,-0.0043799144265458815,-0.037545961545468076,-0.07092001600040332,0.06956878907906845,40.088235294117645,0.057458300356790476,0.47058823529411764,0.25,0.08823529411764706
LIN,atr_3,34,-0.008850325454072239,-0.016059333993216907,-0.07092001600040332,0.06127037690073329,32.76470588235294,0.05784989432863849,0.47058823529411764,0.125,0.38235294117647056
LIN,profit_50,34,-0.00852279299454339,-0.008595980874379072,-0.07092001600040332,0.05554806717220605,29.941176470588236,0.05327232835258332,0.47058823529411764,0,0.4117647058823529
LIN,profit_lock_v1,34,-0.007990320509612717,-0.008595980874379072,-0.07092001600040332,0.055117900046570745,29.529411764705884,0.05273985586765264,0.47058823529411764,0,0.4117647058823529
LMT,no_take_profit,19,0.0035859992002667276,-0.04536516300605409,-0.09026878742993372,0.0937707769799899,43.05263157894737,0.0896419652096051,0.5789473684210527,0.45454545454545453,0
LMT,fixed_20,19,-0.005349289621434608,-0.04536516300605409,-0.09026878742993372,0.09023168603652428,38.578947368421055,0.08437394122441086,0.5789473684210527,0.45454545454545453,0.15789473684210525
LMT,trail_10,19,0.007194462271885471,-0.04536516300605409,-0.08609453160462688,0.08671264626791711,40.89473684210526,0.08603350213798636,0.5789473684210527,0.45454545454545453,0.3157894736842105
LMT,atr_3,19,0.01807398119839756,-0.021196045832962973,-0.08609453160462688,0.07364851022796046,34.578947368421055,0.07478617286654074,0.5789473684210527,0.45454545454545453,0.42105263157894735
LMT,profit_50,19,0.017767419823701325,0.014030907347665433,-0.08609453160462688,0.06256284157980303,30.105263157894736,0.05776505175266935,0.5789473684210527,0,0.42105263157894735
LMT,profit_lock_v1,19,0.017767419823701325,0.014030907347665433,-0.08609453160462688,0.06256284157980303,30.105263157894736,0.05776505175266935,0.5789473684210527,0,0.42105263157894735
LOW,no_take_profit,27,9.321138335168418e-05,-0.05589955554370851,-0.08682282674888331,0.1033134745106584,41,0.09590218403997133,0.7037037037037037,0.47368421052631576,0
LOW,fixed_20,27,0.004472765462582339,-0.05589955554370851,-0.08682282674888331,0.09801139430060772,38.51851851851852,0.08899825563876729,0.7037037037037037,0.47368421052631576,0.14814814814814814
LOW,trail_10,27,-0.0031728282616163765,-0.047141615561572814,-0.07689287572759118,0.09458853631087841,35.81481481481482,0.09580221625807243,0.7037037037037037,0.5789473684210527,0.4074074074074074
LOW,atr_3,27,0.02134830699210925,0.00028042856079490974,-0.06997342858010758,0.06941049611251973,28.62962962962963,0.06939550618005909,0.7037037037037037,0.2631578947368421,0.5925925925925926
LOW,profit_50,27,0.026963150178395637,0.021940857721262086,-0.06997342858010758,0.0630637505193493,26.814814814814813,0.0637806629937727,0.7037037037037037,0.10526315789473684,0.5925925925925926
LOW,profit_lock_v1,27,0.030599065351458267,0.021940857721262086,-0.06997342858010758,0.060957971082199754,26.40740740740741,0.060144747820710075,0.7037037037037037,0.10526315789473684,0.5925925925925926
LRCX,no_take_profit,34,0.11569467701239138,0.05839429000938523,-0.12477472842204584,0.14708446308678663,44.705882352941174,0.11400958196675239,0.6470588235294118,0.09090909090909091,0
LRCX,fixed_20,34,0.0662259530025659,0.08099767963616333,-0.12477472842204584,0.1092672883997038,29.676470588235293,0.06887115832990134,0.6470588235294118,0.09090909090909091,0.4411764705882353
LRCX,trail_10,34,0.07578717171940734,0.017636575187003123,-0.12477472842204584,0.12130963775908736,32.088235294117645,0.11347525433610005,0.6470588235294118,0.18181818181818182,0.4411764705882353
LRCX,atr_3,34,0.05086668283708816,-0.002408994844953216,-0.12477472842204584,0.12358157352639272,28.529411764705884,0.12699810272960899,0.6470588235294118,0.22727272727272727,0.5294117647058824
LRCX,profit_50,34,0.04196171551150301,0.020579259339465472,-0.12477472842204584,0.10786679129403925,24.91176470588235,0.10160493005602257,0.6470588235294118,0.045454545454545456,0.5
LRCX,profit_lock_v1,34,0.03268598137740719,0.020579259339465472,-0.12477472842204584,0.10687117422978065,23.058823529411764,0.10533259491481277,0.6470588235294118,0.045454545454545456,0.5882352941176471
MA,no_take_profit,30,-0.003793280254238614,-0.0257033708579541,-0.07782866910011155,0.07493656240799687,43.6,0.06413500743167097,0.5666666666666667,0.23529411764705882,0
MA,fixed_20,30,-0.003793280254238614,-0.0257033708579541,-0.07782866910011155,0.07493656240799687,43.6,0.06413500743167097,0.5666666666666667,0.23529411764705882,0
MA,trail_10,30,-0.003793280254238614,-0.0257033708579541,-0.07782866910011155,0.07493656240799687,43.6,0.06413500743167097,0.5666666666666667,0.23529411764705882,0
MA,atr_3,30,-0.00338635326399425,0.01572593198885186,-0.07782866910011155,0.06198395165605789,33.766666666666666,0.05952624108667314,0.5666666666666667,0,0.43333333333333335
MA,profit_50,30,0.00027267396349699434,0.01760331350058808,-0.07782866910011155,0.0589770477848021,31.2,0.0556921822066739,0.5666666666666667,0,0.4
MA,profit_lock_v1,30,-0.0029901668361250002,0.01760331350058808,-0.07782866910011155,0.0589770477848021,29.933333333333334,0.05697628716701521,0.5666666666666667,0,0.4666666666666667
MCD,no_take_profit,27,-0.018734737269091632,-0.041380700239221135,-0.07112352161568114,0.061400200128207044,39.851851851851855,0.05214728917856686,0.25925925925925924,0.14285714285714285,0
MCD,fixed_20,27,-0.018734737269091632,-0.041380700239221135,-0.07112352161568114,0.061400200128207044,39.851851851851855,0.05214728917856686,0.25925925925925924,0.14285714285714285,0
MCD,trail_10,27,-0.018281928210468066,-0.03617671227788655,-0.07112352161568114,0.06117798599631269,39.666666666666664,0.0516944801199433,0.25925925925925924,0.14285714285714285,0.037037037037037035
MCD,atr_3,27,-0.022963910503781264,-0.03617671227788655,-0.07112352161568114,0.058444407722955796,35.74074074074074,0.05396774269007153,0.25925925925925924,0.14285714285714285,0.2222222222222222
MCD,profit_50,27,-0.02095766320410755,-0.03617671227788655,-0.07112352161568114,0.057334309547416126,35.370370370370374,0.051961495390397815,0.25925925925925924,0,0.2222222222222222
MCD,profit_lock_v1,27,-0.021046791330249434,-0.03617671227788655,-0.07112352161568114,0.05732132612674104,35.333333333333336,0.0520506235165397,0.25925925925925924,0,0.2222222222222222
MELI,no_take_profit,25,-0.05017579633823866,-0.09296168920734815,-0.16448021358109532,0.14586642212546613,39.56,0.13813596066794068,0.4,0.4,0
MELI,fixed_20,25,-0.05109514127474789,-0.09296168920734815,-0.16448021358109532,0.13661380192796618,34.4,0.13178771188587535,0.4,0.4,0.12
MELI,trail_10,25,-0.04322670537224908,-0.09025394707982848,-0.16448021358109532,0.1295744058633286,33.28,0.1280854946523485,0.4,0,0.24
MELI,atr_3,25,-0.05712026100727165,-0.09025394707982848,-0.16448021358109532,0.13072119358571196,29.56,0.13258289511820917,0.4,0.2,0.32
MELI,profit_50,25,-0.04954091243050062,-0.09025394707982848,-0.16448021358109532,0.12274906246580283,27.8,0.12418156527928223,0.4,0,0.36
MELI,profit_lock_v1,25,-0.05093761486898826,-0.09025394707982848,-0.16448021358109532,0.12285157919949097,27.04,0.12557826771776986,0.4,0,0.4
META,no_take_profit,25,0.06681477060440726,0.02247630636672615,-0.12227035757724625,0.10933047616160553,48.92,0.09686538001737763,0.84,0.3333333333333333,0
META,fixed_20,25,0.045493766581481736,0.02247630636672615,-0.12227035757724625,0.0976611900814305,40.76,0.08078849095528694,0.84,0.3333333333333333,0.28
META,trail_10,25,0.06751188432757707,0.004945668546867621,-0.11936503542884691,0.10407108117646886,46.32,0.09616826629420781,0.84,0.38095238095238093,0.24
META,atr_3,25,0.07421210589761278,0.017866818793890182,-0.11936503542884691,0.08061096913138356,38.72,0.0765526463882966,0.84,0.23809523809523808,0.64
META,profit_50,25,0.07253180897063703,0.028524298122090785,-0.11936503542884691,0.07720927855956619,35.96,0.07591804500287823,0.84,0.047619047619047616,0.68
META,profit_lock_v1,25,0.07479635007910602,0.028524298122090785,-0.11936503542884691,0.07276052264344592,34.56,0.07064143786722066,0.84,0.047619047619047616,0.72
MMM,no_take_profit,22,0.04318002914705733,0.013984571129432077,-0.07679497512047129,0.0783323080107632,48.22727272727273,0.06146094849020061,0.5454545454545454,0,0
MMM,fixed_20,22,0.03616850425641823,0.013984571129432077,-0.07679497512047129,0.07754793130428951,44.95454545454545,0.05993630553658708,0.5454545454545454,0,0.13636363636363635
MMM,trail_10,22,0.04234024683142848,0.011808474380990419,-0.07679497512047129,0.0783323080107632,48.13636363636363,0.062300730805829464,0.5454545454545454,0.08333333333333333,0.045454545454545456
MMM,atr_3,22,0.02827066003746829,0.010590632837988001,-0.07679497512047129,0.07324609820691129,43.63636363636363,0.06476966119991076,0.5454545454545454,0,0.2727272727272727
MMM,profit_50,22,0.025956819134748847,0.013526506806879168,-0.07679497512047129,0.0704673319821129,37.54545454545455,0.06482038782839451,0.5454545454545454,0.08333333333333333,0.3181818181818182
MMM,profit_lock_v1,22,0.02547591095616265,0.013526506806879168,-0.07679497512047129,0.0704673319821129,37.18181818181818,0.0647957342952952,0.5454545454545454,0.08333333333333333,0.36363636363636365
MRK,no_take_profit,28,0.007247963632460945,-0.04841134868958241,-0.08425232319483167,0.08342612864870641,39.25,0.07269103737211186,0.39285714285714285,0.09090909090909091,0
MRK,fixed_20,28,0.0041375879408205585,-0.04841134868958241,-0.08425232319483167,0.08144129342257288,36.5,0.0694045541841125,0.39285714285714285,0.09090909090909091,0.10714285714285714
MRK,trail_10,28,0.0021978628727673533,-0.04841134868958241,-0.08425232319483167,0.08312169417770075,37.464285714285715,0.07706367383764273,0.39285714285714285,0.18181818181818182,0.10714285714285714
MRK,atr_3,28,-0.0045209480187805495,-0.04532720548861374,-0.08425232319483167,0.07700468807710951,33,0.07863349444722736,0.39285714285714285,0.18181818181818182,0.32142857142857145
MRK,profit_50,28,-0.007799741795234508,-0.04532720548861374,-0.08425232319483167,0.0726735187044422,29.214285714285715,0.06696691250798584,0.39285714285714285,0,0.32142857142857145
MRK,profit_lock_v1,28,-0.016444581208769245,-0.04532720548861374,-0.08425232319483167,0.07180298519810323,27.214285714285715,0.07051541977726986,0.39285714285714285,0,0.39285714285714285
MS,no_take_profit,36,0.027855374873143518,0.014405445799576921,-0.09151676046734236,0.09692520000377351,41.416666666666664,0.07164512292348099,0.6111111111111112,0.18181818181818182,0
MS,fixed_20,36,0.03163834587853971,0.014405445799576921,-0.09151676046734236,0.09325799302910398,39.416666666666664,0.06638196870898493,0.6111111111111112,0.18181818181818182,0.08333333333333333
MS,trail_10,36,0.010665137097929565,-0.0093380353915829,-0.09151676046734236,0.0949377500546266,34.833333333333336,0.08316772886771458,0.6111111111111112,0.2727272727272727,0.2777777777777778
MS,atr_3,36,-0.0018362020624614309,-0.007566600403124846,-0.09151676046734236,0.08506266920113288,26.86111111111111,0.08634533767918683,0.6111111111111112,0.22727272727272727,0.5833333333333334
MS,profit_50,36,0.0028751445792990524,0.023073261314899618,-0.09151676046734236,0.07640398343688427,24.11111111111111,0.07441706929519926,0.6111111111111112,0.045454545454545456,0.5277777777777778
MS,profit_lock_v1,36,0.0021879200822021595,0.023073261314899618,-0.09151676046734236,0.07236434055654332,22.416666666666668,0.07392205181321809,0.6111111111111112,0.045454545454545456,0.6111111111111112
MSFT,no_take_profit,29,0.025399727500718595,-0.006192462175342195,-0.0660254972326545,0.07353414676008617,44.93103448275862,0.05727726707702357,0.5862068965517241,0.17647058823529413,0
MSFT,fixed_20,29,0.028500141977520346,-0.006192462175342195,-0.0660254972326545,0.07351581164976019,44.275862068965516,0.054783637118793325,0.5862068965517241,0.17647058823529413,0.10344827586206896
MSFT,trail_10,29,0.026091947307952577,-0.006192462175342195,-0.061494213494033056,0.07232295259394132,44.206896551724135,0.056585047269789586,0.5862068965517241,0.23529411764705882,0.06896551724137931
MSFT,atr_3,29,0.01801849081817975,-0.00548426605207053,-0.061494213494033056,0.06462067311730439,38.241379310344826,0.060175190100405784,0.5862068965517241,0.17647058823529413,0.3793103448275862
MSFT,profit_50,29,0.02322331974908305,0.02427083824005627,-0.061494213494033056,0.05882892854292504,36.758620689655174,0.05376532293779238,0.5862068965517241,0,0.3793103448275862
MSFT,profit_lock_v1,29,0.02322331974908305,0.02427083824005627,-0.061494213494033056,0.05882892854292504,36.758620689655174,0.05376532293779238,0.5862068965517241,0,0.3793103448275862
MU,no_take_profit,31,0.10619303066299315,0.06065174976353638,-0.1833490495939768,0.19164692323168775,44.354838709677416,0.19270869063488602,0.7096774193548387,0.2727272727272727,0
MU,fixed_20,31,0.058556586136932744,0.12473290061833597,-0.1833490495939768,0.13855082400987154,28.225806451612904,0.09687394011029078,0.7096774193548387,0.18181818181818182,0.5161290322580645
MU,trail_10,31,0.06250034539446685,0.028836250163132293,-0.147807723373653,0.14059270053997908,29.387096774193548,0.15348494285065545,0.7096774193548387,0.18181818181818182,0.6451612903225806
MU,atr_3,31,0.07307791281121626,0.016419035052846143,-0.147807723373653,0.1564229099477423,31.387096774193548,0.18057386244577556,0.7096774193548387,0.22727272727272727,0.6451612903225806
MU,profit_50,31,0.060168779332643654,0.04397914975274486,-0.147807723373653,0.13678219487119683,25.967741935483872,0.1435628168181299,0.7096774193548387,0,0.6451612903225806
MU,profit_lock_v1,31,0.06427045486421969,0.04397914975274486,-0.147807723373653,0.12972664967703085,23.903225806451612,0.12840001718884017,0.7096774193548387,0,0.6774193548387096
NEE,no_take_profit,21,-0.04021025158409367,-0.0712979016202464,-0.09506788188077564,0.10785295278974955,34.714285714285715,0.10172749273106275,0.5238095238095238,0.5454545454545454,0
NEE,fixed_20,21,-0.04021025158409367,-0.0712979016202464,-0.09506788188077564,0.10785295278974955,34.714285714285715,0.10172749273106275,0.5238095238095238,0.5454545454545454,0
NEE,trail_10,21,-0.034227259920788664,-0.060296817050353724,-0.09137867751502393,0.09784674991073786,32.23809523809524,0.09574450106775775,0.5238095238095238,0.45454545454545453,0.2857142857142857
NEE,atr_3,21,-0.0243999672788817,-0.04363909359161777,-0.09110041668087798,0.08280750834249542,25.80952380952381,0.08388868655869247,0.5238095238095238,0.45454545454545453,0.47619047619047616
NEE,profit_50,21,-0.020216503091170162,-0.002062979757517125,-0.09110041668087798,0.07530994497001467,22.80952380952381,0.07788486060957953,0.5238095238095238,0.09090909090909091,0.5238095238095238
NEE,profit_lock_v1,21,-0.020216503091170162,-0.002062979757517125,-0.09110041668087798,0.07530994497001467,22.80952380952381,0.07788486060957953,0.5238095238095238,0.09090909090909091,0.5238095238095238
NEM,no_take_profit,20,0.09460870344790882,0.07911395539454003,-0.12998631355672563,0.16064428561469019,48.55,0.1375818157620879,0.85,0.35294117647058826,0
NEM,fixed_20,20,0.07528141463137761,0.19645474558038112,-0.12998631355672563,0.1157730248981027,33.85,0.08280686510508108,0.85,0.35294117647058826,0.55
NEM,trail_10,20,0.07934166446569457,0.04404338919163042,-0.12998631355672563,0.13403460819952004,37.05,0.1482487435033206,0.85,0.35294117647058826,0.55
NEM,atr_3,20,0.07939343306856267,0.021960622217842285,-0.12998631355672563,0.13380601770549447,36.5,0.1481969749004525,0.85,0.4117647058823529,0.55
NEM,profit_50,20,0.052282322281991644,0.06378993787802356,-0.12998631355672563,0.11458819529373046,27.85,0.1270991441033956,0.85,0.11764705882352941,0.7
NEM,profit_lock_v1,20,0.05779105172829104,0.06513995544940854,-0.12998631355672563,0.11036137582643764,27.4,0.1215904146570962,0.85,0.11764705882352941,0.7
NKE,no_take_profit,11,-0.06041084257051739,-0.07034796291641399,-0.08579334053102206,0.0982723473897943,23.727272727272727,0.08884363231155237,0.18181818181818182,1,0
NKE,fixed_20,11,-0.06041084257051739,-0.07034796291641399,-0.08579334053102206,0.0982723473897943,23.727272727272727,0.08884363231155237,0.18181818181818182,1,0
NKE,trail_10,11,-0.054983828783533716,-0.07034796291641399,-0.08579334053102206,0.09358453619292333,23.09090909090909,0.0834166185245687,0.18181818181818182,0.5,0.09090909090909091
NKE,atr_3,11,-0.04828171850474137,-0.07034796291641399,-0.08579334053102206,0.08281603830653943,18.818181818181817,0.07671450824577636,0.18181818181818182,0.5,0.18181818181818182
NKE,profit_50,11,-0.0515565692736671,-0.07034796291641399,-0.08579334053102206,0.0791306480512956,16.454545454545453,0.07289105333790397,0.18181818181818182,0,0.18181818181818182
NKE,profit_lock_v1,11,-0.0515565692736671,-0.07034796291641399,-0.08579334053102206,0.0791306480512956,16.454545454545453,0.07289105333790397,0.18181818181818182,0,0.18181818181818182
NOW,no_take_profit,25,0.04898898668071463,0.04213898955508122,-0.10275496959404262,0.10777244957115496,50.04,0.08990929237856427,0.76,0.2631578947368421,0
NOW,fixed_20,25,0.046618662377432354,0.04213898955508122,-0.10275496959404262,0.09999443887232817,43.52,0.0757541348820557,0.76,0.2631578947368421,0.24
NOW,trail_10,25,0.047842088123055335,0.007474220316161295,-0.08894918680317687,0.10054232265817409,45.4,0.08908858331310165,0.76,0.3157894736842105,0.32
NOW,atr_3,25,0.036383037753018856,0.01777160053572424,-0.08894918680317687,0.08626034581121217,32.32,0.08640762028792953,0.76,0.21052631578947367,0.68
NOW,profit_50,25,0.0338656475294276,0.02464866368712393,-0.08894918680317687,0.08380211566257806,29.04,0.07702838692871844,0.76,0.15789473684210525,0.64
NOW,profit_lock_v1,25,0.029773146895819544,0.02464866368712393,-0.08894918680317687,0.07935390277501665,27.04,0.0762492892251406,0.76,0.15789473684210525,0.72
NVDA,no_take_profit,38,0.11158813088148155,-0.045848876026894636,-0.14345548886138437,0.15111472840327428,42.31578947368421,0.12419845887678875,0.631578947368421,0.25,0
NVDA,fixed_20,38,0.05046085252704039,0.0003626448367303192,-0.14345548886138437,0.12216831673772595,28.63157894736842,0.08791606930504862,0.631578947368421,0.20833333333333334,0.39473684210526316
NVDA,trail_10,38,0.0907437633559649,0.02027974091980156,-0.14345548886138437,0.12199966542578349,31.36842105263158,0.12169558218816443,0.631578947368421,0.20833333333333334,0.4473684210526316
NVDA,atr_3,38,0.09852218665378264,0.0037849360345915684,-0.14345548886138437,0.11625845351994359,30.289473684210527,0.11817179148155142,0.631578947368421,0.20833333333333334,0.47368421052631576
NVDA,profit_50,38,0.0682847965207158,0.04726327529372576,-0.14345548886138437,0.10903556012434393,24.473684210526315,0.10655996429362573,0.631578947368421,0,0.5263157894736842
NVDA,profit_lock_v1,38,0.0730234734209779,0.04726327529372576,-0.14345548886138437,0.10435467156550428,23.526315789473685,0.10182128739336363,0.631578947368421,0,0.5263157894736842
NVO,no_take_profit,33,0.06383716723642538,0.07967952813798962,-0.08391167841326475,0.09834671850558449,47.93939393939394,0.07774872305552355,0.8181818181818182,0.25925925925925924,0
NVO,fixed_20,33,0.06351173537046369,0.07967952813798962,-0.08391167841326475,0.0918189050445703,42.39393939393939,0.06558715408234092,0.8181818181818182,0.25925925925925924,0.24242424242424243
NVO,trail_10,33,0.058943428785435244,0.04832250079605149,-0.08391167841326475,0.09266664641580136,45,0.08083260638094501,0.8181818181818182,0.25925925925925924,0.2727272727272727
NVO,atr_3,33,0.050812071114478725,0.04586539830704828,-0.08391167841326475,0.07505505051217994,31.696969696969695,0.07129139977823634,0.8181818181818182,0.18518518518518517,0.6666666666666666
NVO,profit_50,33,0.04738014732662186,0.036807120100772917,-0.08391167841326475,0.07324121624803077,32.96969696969697,0.07100514295271498,0.8181818181818182,0.07407407407407407,0.5757575757575758
NVO,profit_lock_v1,33,0.04930377848566762,0.036807120100772917,-0.08391167841326475,0.06802528576892194,29.727272727272727,0.06591721180774958,0.8181818181818182,0.07407407407407407,0.696969696969697
ORCL,no_take_profit,29,0.03648700846779434,-0.01848430421475933,-0.10755076134071462,0.11002713585356746,43.89655172413793,0.10274756787042029,0.6551724137931034,0.2631578947368421,0
ORCL,fixed_20,29,0.04948271506109123,-0.01848430421475933,-0.10755076134071462,0.10101491292447883,36.55172413793103,0.08091166526938412,0.6551724137931034,0.2631578947368421,0.27586206896551724
ORCL,trail_10,29,0.035159564918724545,0.002355463649687417,-0.10690998022340481,0.09991322834838867,40.41379310344828,0.09274541726053223,0.6551724137931034,0.15789473684210525,0.27586206896551724
ORCL,atr_3,29,-0.0007138434853005195,0.006281888173694572,-0.10690998022340481,0.08942346504197443,28.620689655172413,0.09224841067638188,0.6551724137931034,0.21052631578947367,0.6206896551724138
ORCL,profit_50,29,0.013766637015182916,0.013862788788081337,-0.10690998022340481,0.086257004361556,29.17241379310345,0.08925038287646793,0.6551724137931034,0.15789473684210525,0.5172413793103449
ORCL,profit_lock_v1,29,0.002642540910375604,0.013862788788081337,-0.10690998022340481,0.08456470202446016,27.137931034482758,0.08698887835616907,0.6551724137931034,0.15789473684210525,0.6206896551724138
PEP,no_take_profit,26,-0.01946986543669643,-0.04952926382127826,-0.06350955663589097,0.06806433989294121,39.76923076923077,0.061753059720899686,0.34615384615384615,0.1111111111111111,0
PEP,fixed_20,26,-0.01946986543669643,-0.04952926382127826,-0.06350955663589097,0.06806433989294121,39.76923076923077,0.061753059720899686,0.34615384615384615,0.1111111111111111,0
PEP,trail_10,26,-0.020373923671460938,-0.04952926382127826,-0.06350955663589097,0.06806433989294121,38.65384615384615,0.0626571179556642,0.34615384615384615,0.2222222222222222,0.038461538461538464
PEP,atr_3,26,-0.01603230941461495,-0.04316210201017456,-0.06350955663589097,0.06153451850847883,35.42307692307692,0.05831550369881821,0.34615384615384615,0,0.19230769230769232
PEP,profit_50,26,-0.014890003779967093,-0.04316210201017456,-0.06350955663589097,0.060465652779708216,34.96153846153846,0.05717319806417035,0.34615384615384615,0,0.19230769230769232
PEP,profit_lock_v1,26,-0.01462146530856376,-0.04316210201017456,-0.06350955663589097,0.06019967786651448,34.92307692307692,0.05690465959276702,0.34615384615384615,0,0.19230769230769232
PFE,no_take_profit,19,-0.03084316558032001,-0.06924937296345934,-0.121971216314257,0.10708762252746266,41.1578947368421,0.10729255337988489,0.5789473684210527,0.5454545454545454,0
PFE,fixed_20,19,-0.02869474794529978,-0.06924937296345934,-0.121971216314257,0.10502958068310175,40.473684210526315,0.10210274092839339,0.5789473684210527,0.5454545454545454,0.05263157894736842
PFE,trail_10,19,-0.018882994891994034,-0.05981576079807738,-0.10597444371872389,0.09318081692343089,34.1578947368421,0.0953323826915589,0.5789473684210527,0.45454545454545453,0.3157894736842105
PFE,atr_3,19,-0.009066097251696662,-0.03025508234739882,-0.10597444371872389,0.0842844218081828,32.31578947368421,0.08551548505126154,0.5789473684210527,0.2727272727272727,0.42105263157894735
PFE,profit_50,19,-0.006970930611625465,0.016322413691422843,-0.10597444371872389,0.07581498325989099,27.94736842105263,0.07709668358900988,0.5789473684210527,0,0.47368421052631576
PFE,profit_lock_v1,19,-0.006970930611625465,0.016322413691422843,-0.10597444371872389,0.07581498325989099,27.94736842105263,0.07709668358900988,0.5789473684210527,0,0.5263157894736842
PG,no_take_profit,24,-0.017113370840275446,-0.04259191347957414,-0.05864729652423495,0.06171227763895329,37.041666666666664,0.05210929352981798,0.2916666666666667,0,0
PG,fixed_20,24,-0.017113370840275446,-0.04259191347957414,-0.05864729652423495,0.06171227763895329,37.041666666666664,0.05210929352981798,0.2916666666666667,0,0
PG,trail_10,24,-0.017113370840275446,-0.04259191347957414,-0.05864729652423495,0.06171227763895329,37.041666666666664,0.05210929352981798,0.2916666666666667,0,0
PG,atr_3,24,-0.01816750898529754,-0.04259191347957414,-0.05864729652423495,0.05885311471645958,34.166666666666664,0.052928648902457485,0.2916666666666667,0,0.16666666666666666
PG,profit_50,24,-0.018537393651351732,-0.04259191347957414,-0.05864729652423495,0.060097767503282634,35.666666666666664,0.05353331634089427,0.2916666666666667,0,0.16666666666666666
PG,profit_lock_v1,24,-0.01816750898529754,-0.04259191347957414,-0.05864729652423495,0.05885311471645958,34.166666666666664,0.052928648902457485,0.2916666666666667,0,0.20833333333333334
PYPL,no_take_profit,16,-0.0014492215955256502,-0.06584013916053644,-0.0990693340476797,0.13334458488047532,38.6875,0.11723675902219263,0.625,0.3,0
PYPL,fixed_20,16,0.025288463034255436,-0.06584013916053644,-0.0990693340476797,0.10676828842678796,31,0.08759047439415873,0.625,0.3,0.25
PYPL,trail_10,16,-0.00036101213832288176,-0.057555470136270825,-0.0990693340476797,0.1174494616849279,32.5625,0.11614854956498985,0.625,0.3,0.3125
PYPL,atr_3,16,-0.004249353536364547,-0.045426119513869545,-0.0985485200410755,0.10699494497272585,26.9375,0.1094570868932793,0.625,0.4,0.5
PYPL,profit_50,16,-0.009075939567202429,-0.0110514657043424,-0.0985485200410755,0.0942949376252376,22.0625,0.09049917256971547,0.625,0.3,0.625
PYPL,profit_lock_v1,16,-0.009075939567202429,-0.0110514657043424,-0.0985485200410755,0.0942949376252376,22.0625,0.09049917256971547,0.625,0.3,0.625
QCOM,no_take_profit,17,-0.018013127010804347,-0.09277804390643274,-0.13597795995998951,0.13466236059633238,32,0.12461437112579297,0.4117647058823529,0.2857142857142857,0
QCOM,fixed_20,17,-0.019434773482436014,-0.09277804390643274,-0.13597795995998951,0.12814849336012288,26.705882352941178,0.11162361853998039,0.4117647058823529,0.2857142857142857,0.23529411764705882
QCOM,trail_10,17,-0.03904162376270269,-0.06763596366234781,-0.13597795995998951,0.1245457838366599,26.058823529411764,0.12655843321189292,0.4117647058823529,0.5714285714285714,0.35294117647058826
QCOM,atr_3,17,-0.04810619582443869,-0.06763596366234781,-0.13597795995998951,0.12179757542009735,23.41176470588235,0.12646270122645425,0.4117647058823529,0.5714285714285714,0.4117647058823529
QCOM,profit_50,17,-0.04176748648886618,-0.06763596366234781,-0.13597795995998951,0.11612809274240436,21.764705882352942,0.1201124663132096,0.4117647058823529,0.14285714285714285,0.4117647058823529
QCOM,profit_lock_v1,17,-0.037765608814594676,-0.06763596366234781,-0.13597795995998951,0.11352138321059692,21.529411764705884,0.1161105886389381,0.4117647058823529,0.14285714285714285,0.4117647058823529
RTX,no_take_profit,37,0.007591736581325978,-0.03879014209103182,-0.11164727599964808,0.08292413960011599,41.7027027027027,0.06940183122480945,0.5675675675675675,0.23809523809523808,0
RTX,fixed_20,37,0.00852716038605003,-0.03879014209103182,-0.11164727599964808,0.08292413960011599,41.67567567567568,0.06859909940931637,0.5675675675675675,0.23809523809523808,0.05405405405405406
RTX,trail_10,37,0.00928541224653859,-0.03720000063950091,-0.11164727599964808,0.08084103129267661,41,0.06770815555959683,0.5675675675675675,0.23809523809523808,0.10810810810810811
RTX,atr_3,37,-0.001065765450664643,-0.020083949157319925,-0.11164727599964808,0.07325894948350335,35.189189189189186,0.0698196636549503,0.5675675675675675,0.23809523809523808,0.3783783783783784
RTX,profit_50,37,-0.0012628364122796172,0.018770706623954192,-0.09022654383375295,0.06554372271333554,31.054054054054053,0.061753531605241656,0.5675675675675675,0,0.4594594594594595
RTX,profit_lock_v1,37,-0.0005508379555137064,0.018770706623954192,-0.09022654383375295,0.06469175887377397,30.864864864864863,0.06104153314847574,0.5675675675675675,0,0.4864864864864865
SAP,no_take_profit,31,0.032630342078987976,-0.032696499713534166,-0.06590382628948355,0.07923959248625717,45.193548387096776,0.06399316910630731,0.6451612903225806,0.25,0
SAP,fixed_20,31,0.0280652771034001,-0.032696499713534166,-0.06590382628948355,0.07808927399084237,43.29032258064516,0.061284609395340764,0.6451612903225806,0.25,0.0967741935483871
SAP,trail_10,31,0.03274952951563513,-0.032696499713534166,-0.06590382628948355,0.07789518859626819,44.25806451612903,0.06387398166966014,0.6451612903225806,0.25,0.0967741935483871
SAP,atr_3,31,0.010872504433613714,-0.002409924279381026,-0.06590382628948355,0.06766989356960028,31.838709677419356,0.06534104480435698,0.6451612903225806,0.25,0.5483870967741935
SAP,profit_50,31,0.02290653103427428,0.014921124126482166,-0.06590382628948355,0.06597380454694449,31.258064516129032,0.058243846517524164,0.6451612903225806,0.05,0.5161290322580645
SAP,profit_lock_v1,31,0.016170726486553193,0.014921124126482166,-0.06590382628948355,0.06331260800956467,28.93548387096774,0.05756404205664063,0.6451612903225806,0.05,0.5806451612903226
SBUX,no_take_profit,22,-0.027925281721612003,-0.060106199365089985,-0.09108191298050017,0.09725687967359896,37.81818181818182,0.0863560030743055,0.6363636363636364,0.42857142857142855,0
SBUX,fixed_20,22,-0.027925281721612003,-0.060106199365089985,-0.09108191298050017,0.09725687967359896,37.81818181818182,0.0863560030743055,0.6363636363636364,0.42857142857142855,0
SBUX,trail_10,22,-0.029831894232899468,-0.050575549702749745,-0.09087077805060928,0.08792795688238986,35.63636363636363,0.08604122659386694,0.6363636363636364,0.5714285714285714,0.36363636363636365
SBUX,atr_3,22,-0.023547156733382594,-0.02880726888396179,-0.09087077805060928,0.07792520397562887,30.045454545454547,0.07975648909435007,0.6363636363636364,0.42857142857142855,0.5454545454545454
SBUX,profit_50,22,-0.010891409604300316,0.015056189367528838,-0.09087077805060928,0.06447701072843902,23.40909090909091,0.06511857365390487,0.6363636363636364,0.14285714285714285,0.5909090909090909
SBUX,profit_lock_v1,22,-0.010891409604300316,0.015056189367528838,-0.09087077805060928,0.06447701072843902,23.40909090909091,0.06511857365390487,0.6363636363636364,0.14285714285714285,0.5909090909090909
SCHW,no_take_profit,28,0.004759806303224237,-0.054488090112153,-0.10386360282226992,0.0984850257709337,41.035714285714285,0.08217696264432339,0.5714285714285714,0.3125,0
SCHW,fixed_20,28,0.002769028512233457,-0.054488090112153,-0.10386360282226992,0.09838138205079186,39.92857142857143,0.08101639858425529,0.5714285714285714,0.3125,0.07142857142857142
SCHW,trail_10,28,0.00017976058492397536,-0.036252373259721804,-0.07729472318672836,0.0901637734935184,36.32142857142857,0.08194481968176935,0.5714285714285714,0.3125,0.2857142857142857
SCHW,atr_3,28,0.0030504101367231085,-0.010326686997835954,-0.07729472318672836,0.0815630384365405,33.214285714285715,0.07786934471277823,0.5714285714285714,0.1875,0.42857142857142855
SCHW,profit_50,28,0.0009086120425498437,0.007338138678677941,-0.07729472318672836,0.07395857294215948,29.392857142857142,0.07255638956311725,0.5714285714285714,0.0625,0.4642857142857143
SCHW,profit_lock_v1,28,0.0009086120425498437,0.007338138678677941,-0.07729472318672836,0.07395857294215948,29.392857142857142,0.07255638956311725,0.5714285714285714,0.0625,0.4642857142857143
SO,no_take_profit,34,-0.02239709274586042,-0.04885729416327428,-0.07265735646916471,0.07081087469890435,38.38235294117647,0.06415691997012579,0.35294117647058826,0.5,0
SO,fixed_20,34,-0.02239709274586042,-0.04885729416327428,-0.07265735646916471,0.07081087469890435,38.38235294117647,0.06415691997012579,0.35294117647058826,0.5,0
SO,trail_10,34,-0.02239709274586042,-0.04885729416327428,-0.07265735646916471,0.07081087469890435,38.38235294117647,0.06415691997012579,0.35294117647058826,0.5,0
SO,atr_3,34,-0.018944180983719045,-0.04424324847685479,-0.07265735646916471,0.06345245564458715,35.5,0.05940562122940027,0.35294117647058826,0.16666666666666666,0.2647058823529412
SO,profit_50,34,-0.013044696209297216,-0.04424324847685479,-0.07265735646916471,0.05996551174058032,33.6764705882353,0.05382571310154153,0.35294117647058826,0,0.20588235294117646
SO,profit_lock_v1,34,-0.015722411995466527,-0.04424324847685479,-0.07265735646916471,0.05996551174058032,33.05882352941177,0.05520504190912669,0.35294117647058826,0,0.2647058823529412
SONY,no_take_profit,26,-0.023953017097315968,-0.06328747936699808,-0.09018881976314741,0.10054116604799178,32.92307692307692,0.08708444460103947,0.46153846153846156,0.4166666666666667,0
SONY,fixed_20,26,-0.023161697653758587,-0.06328747936699808,-0.09018881976314741,0.10054116604799178,32.38461538461539,0.08498543593252929,0.46153846153846156,0.4166666666666667,0.07692307692307693
SONY,trail_10,26,-0.035991013869101245,-0.05800967142312802,-0.09003131039713341,0.09617480029491515,28.96153846153846,0.09211332677859302,0.46153846153846156,0.5,0.2692307692307692
SONY,atr_3,26,-0.0303246477391539,-0.04628679464383506,-0.09003131039713341,0.08337846951352097,22.23076923076923,0.080664428866246,0.46153846153846156,0.4166666666666667,0.46153846153846156
SONY,profit_50,26,-0.022976376475356282,-0.04061797098679021,-0.09003131039713341,0.07548758906362685,19.307692307692307,0.06637055022958484,0.46153846153846156,0.08333333333333333,0.46153846153846156
SONY,profit_lock_v1,26,-0.022976376475356282,-0.04061797098679021,-0.09003131039713341,0.07548758906362685,19.307692307692307,0.06637055022958484,0.46153846153846156,0.08333333333333333,0.46153846153846156
TGT,no_take_profit,20,0.06864156336242336,0.09084612367909006,-0.08588359191631811,0.09756130083445273,46.5,0.07371098312450183,0.65,0.15384615384615385,0
TGT,fixed_20,20,0.06310770298632644,0.09084612367909006,-0.08588359191631811,0.09057680405571358,40.7,0.05854372081364898,0.65,0.15384615384615385,0.3
TGT,trail_10,20,0.033922269241637285,0.0003953468958147188,-0.08588359191631811,0.09109429058602336,36.95,0.08599777421428267,0.65,0.23076923076923078,0.4
TGT,atr_3,20,0.032238171963375424,0.005387442091770889,-0.08588359191631811,0.08345306657611569,31.55,0.08060709387793089,0.65,0.15384615384615385,0.55
TGT,profit_50,20,0.021453792825693308,0.02462089547741042,-0.08588359191631811,0.06572773196855483,25.25,0.061494716709606004,0.65,0,0.5
TGT,profit_lock_v1,20,0.021765317713987976,0.02462089547741042,-0.08588359191631811,0.06559694148003098,24.85,0.061183191821311336,0.65,0,0.55
TM,no_take_profit,26,-0.004889717229758506,-0.04308737461730755,-0.0899577346974777,0.09651502689731757,34.03846153846154,0.08973451634388735,0.5,0.38461538461538464,0
TM,fixed_20,26,0.0012180177253319812,-0.04308737461730755,-0.0899577346974777,0.09202059114595115,31.076923076923077,0.08057146690232124,0.5,0.38461538461538464,0.15384615384615385
TM,trail_10,26,-0.002728504488005652,-0.039094212570320974,-0.0899577346974777,0.08945847605539828,30.692307692307693,0.08747001063944868,0.5,0.23076923076923078,0.23076923076923078
TM,atr_3,26,-0.003614791969602443,-0.017662902509082867,-0.0899577346974777,0.06878223943341025,19.26923076923077,0.0680391392985459,0.5,0.07692307692307693,0.5
TM,profit_50,26,5.9106105016535005e-05,-0.016610381127731222,-0.0899577346974777,0.06902680303404432,21.03846153846154,0.067951239194363,0.5,0,0.38461538461538464
TM,profit_lock_v1,26,-0.0004982123972516696,-0.016610381127731222,-0.0899577346974777,0.06633266013477399,18.192307692307693,0.06492255972619512,0.5,0,0.5
TMO,no_take_profit,22,0.011540003188354797,-0.06446219820207438,-0.0888142884955766,0.08997409155793272,44.40909090909091,0.07683793350866992,0.6363636363636364,0.35714285714285715,0
TMO,fixed_20,22,0.014111241050208405,-0.06446219820207438,-0.0888142884955766,0.08751708154788738,42.72727272727273,0.07335857185863133,0.6363636363636364,0.35714285714285715,0.09090909090909091
TMO,trail_10,22,0.01482267409235198,-0.02907027111676519,-0.08235658284147784,0.08669110186436381,44.13636363636363,0.07355526260467274,0.6363636363636364,0.35714285714285715,0.22727272727272727
TMO,atr_3,22,0.012382076542920561,-0.011707839223586425,-0.08235658284147784,0.07591765067103064,37.18181818181818,0.07179082093970493,0.6363636363636364,0.21428571428571427,0.4090909090909091
TMO,profit_50,22,0.01718539149490593,0.006526058053131001,-0.08235658284147784,0.06870110298703984,34.68181818181818,0.06358838686867185,0.6363636363636364,0.07142857142857142,0.4090909090909091
TMO,profit_lock_v1,22,0.01718539149490593,0.006526058053131001,-0.08235658284147784,0.06870110298703984,34.68181818181818,0.06358838686867185,0.6363636363636364,0.07142857142857142,0.4090909090909091
TSM,no_take_profit,35,0.04172949605664211,0.01749808558462118,-0.11799512190903572,0.14838407632185677,47.885714285714286,0.11917844670393055,0.6857142857142857,0.25,0
TSM,fixed_20,35,0.054062948973155854,0.06094052521675297,-0.11799512190903572,0.12187098260720934,37.714285714285715,0.08183246137898376,0.6857142857142857,0.25,0.4
TSM,trail_10,35,0.01970153432024642,-0.004795688735263148,-0.11376025870836881,0.11640223911911751,34.34285714285714,0.11925828462282206,0.6857142857142857,0.2916666666666667,0.6
TSM,atr_3,35,0.012489064878491942,-0.005889430903190052,-0.11376025870836881,0.11549596403524602,31.885714285714286,0.12117847754561997,0.6857142857142857,0.3333333333333333,0.6285714285714286
TSM,profit_50,35,0.027196205707867696,0.028977348788986834,-0.11376025870836881,0.09381093600499356,24.057142857142857,0.08962878063146609,0.6857142857142857,0,0.6285714285714286
TSM,profit_lock_v1,35,0.0314604356739063,0.028977348788986834,-0.11376025870836881,0.09132232851309796,23.885714285714286,0.08536455066542747,0.6857142857142857,0,0.6285714285714286
TXN,no_take_profit,29,-0.01989188359183319,-0.048902501683734334,-0.09381954630075107,0.10413584877043994,45.03448275862069,0.087207697018208,0.4827586206896552,0.5714285714285714,0
TXN,fixed_20,29,-0.0183976760854032,-0.048902501683734334,-0.09381954630075107,0.10413584877043994,44.86206896551724,0.08572592703924545,0.4827586206896552,0.5714285714285714,0.06896551724137931
TXN,trail_10,29,-0.02208034102506767,-0.041950227814981034,-0.09308632827972119,0.09712044316335708,38.55172413793103,0.08174202114253358,0.4827586206896552,0.5714285714285714,0.27586206896551724
TXN,atr_3,29,-0.018353953426974566,-0.028192546855774547,-0.09308632827972119,0.09028054134116346,36.206896551724135,0.07660027311846317,0.4827586206896552,0.5714285714285714,0.3793103448275862
TXN,profit_50,29,-0.00351741799315729,0.007278843409576297,-0.09308632827972119,0.07956762451384776,34.03448275862069,0.061763737684645895,0.4827586206896552,0.07142857142857142,0.41379310344827586
TXN,profit_lock_v1,29,-0.00351741799315729,0.007278843409576297,-0.09308632827972119,0.07956762451384776,34.03448275862069,0.061763737684645895,0.4827586206896552,0.07142857142857142,0.41379310344827586
UNH,no_take_profit,25,-0.032730207347407086,-0.05786226072515266,-0.0935063754452713,0.08944442576816478,39.68,0.08474187202939736,0.44,0.36363636363636365,0
UNH,fixed_20,25,-0.032730207347407086,-0.05786226072515266,-0.0935063754452713,0.08944442576816478,39.68,0.08474187202939736,0.44,0.36363636363636365,0
UNH,trail_10,25,-0.030989255439364424,-0.05563068047672881,-0.09289626261972661,0.08751609358306484,39.12,0.0830009201213547,0.44,0.36363636363636365,0.08
UNH,atr_3,25,-0.02804519209403628,-0.05264769347812348,-0.09289626261972661,0.07937818938326502,33.8,0.08005685677602654,0.44,0.2727272727272727,0.4
UNH,profit_50,25,-0.027681661969597714,-0.05264769347812348,-0.09289626261972661,0.07830891918927431,31.68,0.07861959914980639,0.44,0.09090909090909091,0.44
UNH,profit_lock_v1,25,-0.026618346402142924,-0.05264769347812348,-0.09289626261972661,0.07736719913420348,31.32,0.0775562835823516,0.44,0.09090909090909091,0.44
UPS,no_take_profit,19,-0.04515633905852498,-0.07066448886557175,-0.11235257465405635,0.11279927581104163,32.63157894736842,0.10967217652659401,0.42105263157894735,0.625,0
UPS,fixed_20,19,-0.033706763002439445,-0.07066448886557175,-0.11235257465405635,0.10162016853877244,28.63157894736842,0.09678489074080854,0.42105263157894735,0.5,0.10526315789473684
UPS,trail_10,19,-0.042680960545111064,-0.059106617765161684,-0.11235257465405635,0.10089647592366337,25.94736842105263,0.10354184122511279,0.42105263157894735,0.75,0.3684210526315789
UPS,atr_3,19,-0.03351902262151756,-0.059106617765161684,-0.11235257465405635,0.0905293367053674,24.68421052631579,0.09437990330151928,0.42105263157894735,0.5,0.42105263157894735
UPS,profit_50,19,-0.03579387142706019,-0.059106617765161684,-0.11235257465405635,0.09034483045132927,24.157894736842106,0.0909834748757387,0.42105263157894735,0.5,0.3684210526315789
UPS,profit_lock_v1,19,-0.037411136315381725,-0.059106617765161684,-0.11235257465405635,0.08954487183827381,23.36842105263158,0.09260073976406023,0.42105263157894735,0.5,0.42105263157894735
V,no_take_profit,30,-0.006242147793580566,-0.02790102529859423,-0.08769204057639024,0.07361741133759195,45.43333333333333,0.06601120793225276,0.5,0.26666666666666666,0
V,fixed_20,30,-0.006403729158406094,-0.02790102529859423,-0.08769204057639024,0.07361741133759195,45.4,0.0661519539896507,0.5,0.26666666666666666,0.03333333333333333
V,trail_10,30,-0.006031849178130774,-0.02790102529859423,-0.08769204057639024,0.07342083889072112,45.2,0.06580090931680296,0.5,0.26666666666666666,0.03333333333333333
V,atr_3,30,-0.007179830850283375,-0.010368907616099543,-0.06846221040587541,0.06293721826789016,36.333333333333336,0.06225821376813658,0.5,0.06666666666666667,0.4
V,profit_50,30,-0.0008931686631355056,-0.010368907616099543,-0.06846221040587541,0.061577691139890055,35.56666666666667,0.05801463253868332,0.5,0.06666666666666667,0.3333333333333333
V,profit_lock_v1,30,-0.004934364748214019,-0.010368907616099543,-0.06846221040587541,0.06084624403662548,34.86666666666667,0.05915132108769446,0.5,0.06666666666666667,0.4
WMT,no_take_profit,35,0.03163256679415051,0.020526012239677094,-0.08121723240836987,0.07941777837507011,48.371428571428574,0.06572817178666669,0.6857142857142857,0.20833333333333334,0
WMT,fixed_20,35,0.035689048648372926,0.020526012239677094,-0.08121723240836987,0.07638740454629145,46.885714285714286,0.06132935251121215,0.6857142857142857,0.20833333333333334,0.14285714285714285
WMT,trail_10,35,0.03499021448281517,0.017646591633186492,-0.05873860764936811,0.07320862121659678,46.2,0.06237052409800203,0.6857142857142857,0.16666666666666666,0.2
WMT,atr_3,35,0.021883305821813318,0.009507989274661899,-0.05873860764936811,0.06581086170824482,38.142857142857146,0.06241097634757447,0.6857142857142857,0.20833333333333334,0.4857142857142857
WMT,profit_50,35,0.02490141704345929,0.023904600588930736,-0.05873860764936811,0.062082160136510335,37.371428571428574,0.05611376344755194,0.6857142857142857,0.08333333333333333,0.45714285714285713
WMT,profit_lock_v1,35,0.02178858682160495,0.023904600588930736,-0.05873860764936811,0.06168692235552164,35.371428571428574,0.057394088150698026,0.6857142857142857,0.08333333333333333,0.5428571428571428
XOM,no_take_profit,36,0.022642582974412347,-0.023023591169354762,-0.10309658235332142,0.10665808864249769,44,0.0904147363424129,0.6111111111111112,0.18181818181818182,0
XOM,fixed_20,36,0.02163256390775475,-0.023023591169354762,-0.10309658235332142,0.0950902863721005,38.361111111111114,0.0722473957486979,0.6111111111111112,0.18181818181818182,0.2222222222222222
XOM,trail_10,36,0.011333376265610635,-0.029982652629095774,-0.09602424972178292,0.09867833651229134,36.97222222222222,0.09672966489636631,0.6111111111111112,0.3181818181818182,0.3333333333333333
XOM,atr_3,36,0.011150935518705184,-0.0010475549861499456,-0.09602424972178292,0.08493372473496012,31.97222222222222,0.08509554080360934,0.6111111111111112,0.18181818181818182,0.4722222222222222
XOM,profit_50,36,0.001369515357129829,0.0035020411426235354,-0.09602424972178292,0.07480204862895938,24,0.07331653828274813,0.6111111111111112,0,0.5555555555555556
XOM,profit_lock_v1,36,0.00045499451473839564,0.0035020411426235354,-0.09602424972178292,0.07426627965122859,23.194444444444443,0.07423105912513957,0.6111111111111112,0,0.5833333333333334
