cost_bps_per_side,strategy,n,mean_net_return
0,no_take_profit,2160,0.021880940250504913
0,fixed_20,2160,0.01688326241195365
0,trail_10,2160,0.01792995371583644
0,atr_3,2160,0.013786170114901743
0,profit_50,2160,0.013890704081557043
0,profit_lock_v1,2160,0.012899482037107649
15,no_take_profit,2160,0.018817596661869055
15,fixed_20,2160,0.01383490061205831
15,trail_10,2160,0.014878454197084884
15,atr_3,2160,0.01074709262343989
15,profit_50,2160,0.010851313223396646
15,profit_lock_v1,2160,0.009863062614831001
30,no_take_profit,2160,0.01575885153746417
30,fixed_20,2160,0.010791114786843671
30,trail_10,2160,0.011831535363124897
30,atr_3,2160,0.0077125771697434
30,profit_50,2160,0.007816484873404469
30,profit_lock_v1,2160,0.006831201240223371
