split,population,strategy,n,calendar_half_year_blocks,mean_paired_net_return,paired_outperformance_rate,ci95_low,ci95_high,ci_note
development,stocks,fixed_20,2242,10,-0.0035213560892550944,0.05307760927743087,-0.007501413569337429,-0.00011620771464295582,Descriptive half-year block bootstrap; current-universe bias and boundary overlap remain
development,stocks,trail_10,2242,10,-0.001436036584026303,0.07493309545049064,-0.005555718720195516,0.0031626616860442854,Descriptive half-year block bootstrap; current-universe bias and boundary overlap remain
development,stocks,atr_3,2242,10,-0.005394758670421057,0.18376449598572703,-0.013011001321136164,0.004304130110650144,Descriptive half-year block bootstrap; current-universe bias and boundary overlap remain
development,stocks,profit_50,2242,10,-0.007689494879945591,0.1726137377341659,-0.015115735305665807,0.0009619106904891216,Descriptive half-year block bootstrap; current-universe bias and boundary overlap remain
development,stocks,profit_lock_v1,2242,10,-0.008322990654662736,0.19491525423728814,-0.016555914869645284,0.0011817234198116396,Descriptive half-year block bootstrap; current-universe bias and boundary overlap remain
development,references,fixed_20,140,10,0.00014703390083425122,0.007142857142857143,-0.002010958606995999,0.002391795142486807,Descriptive half-year block bootstrap; current-universe bias and boundary overlap remain
development,references,trail_10,140,10,-0.0013180650670765483,0.014285714285714285,-0.00303228621802372,0.00015161134745867282,Descriptive half-year block bootstrap; current-universe bias and boundary overlap remain
development,references,atr_3,140,10,0.00284080100698154,0.10714285714285714,-0.0016536772201407928,0.009564191357721344,Descriptive half-year block bootstrap; current-universe bias and boundary overlap remain
development,references,profit_50,140,10,-0.00023987950937591208,0.07857142857142857,-0.003025854422609845,0.002943482763592467,Descriptive half-year block bootstrap; current-universe bias and boundary overlap remain
development,references,profit_lock_v1,140,10,0.00038038318658331865,0.1,-0.0027452229054316015,0.003823832942733127,Descriptive half-year block bootstrap; current-universe bias and boundary overlap remain
development,stocks_ex_nvda,fixed_20,2201,10,-0.0026128858107515502,0.050431621990004546,-0.005901945009567035,0.00034968105252757356,Descriptive half-year block bootstrap; current-universe bias and boundary overlap remain
development,stocks_ex_nvda,trail_10,2201,10,-0.0012171781408598652,0.0745115856428896,-0.005208979203531956,0.0028298077874589446,Descriptive half-year block bootstrap; current-universe bias and boundary overlap remain
development,stocks_ex_nvda,atr_3,2201,10,-0.004382801242811213,0.18446160835983644,-0.011555809713297567,0.004435529734376819,Descriptive half-year block bootstrap; current-universe bias and boundary overlap remain
development,stocks_ex_nvda,profit_50,2201,10,-0.007032596687686972,0.17264879600181735,-0.014383333790020292,0.0010557349569374744,Descriptive half-year block bootstrap; current-universe bias and boundary overlap remain
development,stocks_ex_nvda,profit_lock_v1,2201,10,-0.007022973757168273,0.19536574284416175,-0.014993736649900294,0.002027403299679502,Descriptive half-year block bootstrap; current-universe bias and boundary overlap remain
development,stocks_ex_semiconductors,fixed_20,1939,10,-0.002750709704376541,0.041258380608561115,-0.00551586383191133,-2.9406515659341567e-05,Descriptive half-year block bootstrap; current-universe bias and boundary overlap remain
development,stocks_ex_semiconductors,trail_10,1939,10,-0.000706652663058393,0.0629190304280557,-0.004065048473140367,0.003387923918728555,Descriptive half-year block bootstrap; current-universe bias and boundary overlap remain
development,stocks_ex_semiconductors,atr_3,1939,10,-0.004336628354616445,0.1784424961320268,-0.011687926745968366,0.00516899420647666,Descriptive half-year block bootstrap; current-universe bias and boundary overlap remain
development,stocks_ex_semiconductors,profit_50,1939,10,-0.00615688971919136,0.17122227952552863,-0.012996623532052299,0.0016240639871619707,Descriptive half-year block bootstrap; current-universe bias and boundary overlap remain
development,stocks_ex_semiconductors,profit_lock_v1,1939,10,-0.006631979761080321,0.1933986591026302,-0.014058641682396561,0.0021761711275009384,Descriptive half-year block bootstrap; current-universe bias and boundary overlap remain
test,stocks,fixed_20,2160,12,-0.0049826960498107475,0.07361111111111111,-0.010999576460832756,-0.00024102819191054533,Descriptive half-year block bootstrap; current-universe bias and boundary overlap remain
test,stocks,trail_10,2160,12,-0.003939142464784173,0.1337962962962963,-0.010138045152076917,0.0021486875505956184,Descriptive half-year block bootstrap; current-universe bias and boundary overlap remain
test,stocks,atr_3,2160,12,-0.008070504038429167,0.22037037037037038,-0.01861691209145674,0.002687633155363083,Descriptive half-year block bootstrap; current-universe bias and boundary overlap remain
test,stocks,profit_50,2160,12,-0.007966283438472409,0.2152777777777778,-0.017845940640619166,0.002165158619319531,Descriptive half-year block bootstrap; current-universe bias and boundary overlap remain
test,stocks,profit_lock_v1,2160,12,-0.008954534047038056,0.23194444444444445,-0.020341276883129467,0.002633209276732466,Descriptive half-year block bootstrap; current-universe bias and boundary overlap remain
test,references,fixed_20,152,11,0.0,0,0.0,0.0,Descriptive half-year block bootstrap; current-universe bias and boundary overlap remain
test,references,trail_10,152,11,-0.001357269944846075,0,-0.0026736294972949048,0.0,Descriptive half-year block bootstrap; current-universe bias and boundary overlap remain
test,references,atr_3,152,11,-0.0030791465602857224,0.1118421052631579,-0.0073371153969867976,0.0017418701636332714,Descriptive half-year block bootstrap; current-universe bias and boundary overlap remain
test,references,profit_50,152,11,-0.004342790912372446,0.09210526315789473,-0.008607437404869306,0.00116643223748564,Descriptive half-year block bootstrap; current-universe bias and boundary overlap remain
test,references,profit_lock_v1,152,11,-0.004909103619843443,0.09868421052631579,-0.01011236939204732,0.001352795658884982,Descriptive half-year block bootstrap; current-universe bias and boundary overlap remain
test,stocks_ex_nvda,fixed_20,2122,12,-0.003977279401565717,0.07351555136663525,-0.010166040498917334,0.00043091124958600727,Descriptive half-year block bootstrap; current-universe bias and boundary overlap remain
test,stocks_ex_nvda,trail_10,2122,12,-0.003636409876514694,0.13242224316682374,-0.009752508670528112,0.002359411279995028,Descriptive half-year block bootstrap; current-universe bias and boundary overlap remain
test,stocks_ex_nvda,atr_3,2122,12,-0.007981047522315949,0.22007540056550423,-0.01851019097267027,0.0026536116455067897,Descriptive half-year block bootstrap; current-universe bias and boundary overlap remain
test,stocks_ex_nvda,profit_50,2122,12,-0.00733348045305905,0.21489161168708765,-0.017226299490240658,0.0027178015759638653,Descriptive half-year block bootstrap; current-universe bias and boundary overlap remain
test,stocks_ex_nvda,profit_lock_v1,2122,12,-0.008424286785156956,0.23138548539114043,-0.019629082786146137,0.002973937096621885,Descriptive half-year block bootstrap; current-universe bias and boundary overlap remain
test,stocks_ex_semiconductors,fixed_20,1864,12,-0.0027853060704833023,0.06169527896995708,-0.006056176213358184,0.0003219003490604612,Descriptive half-year block bootstrap; current-universe bias and boundary overlap remain
test,stocks_ex_semiconductors,trail_10,1864,12,-0.0021202622884731923,0.1174892703862661,-0.00590191159681858,0.0013696666958726395,Descriptive half-year block bootstrap; current-universe bias and boundary overlap remain
test,stocks_ex_semiconductors,atr_3,1864,12,-0.004823498742394438,0.2167381974248927,-0.012633709320805616,0.0032138635135125554,Descriptive half-year block bootstrap; current-universe bias and boundary overlap remain
test,stocks_ex_semiconductors,profit_50,1864,12,-0.00513738137043347,0.2119098712446352,-0.012909128154413392,0.0028934512653093986,Descriptive half-year block bootstrap; current-universe bias and boundary overlap remain
test,stocks_ex_semiconductors,profit_lock_v1,1864,12,-0.005840415880890225,0.22746781115879827,-0.01447995549889403,0.0031145728884164185,Descriptive half-year block bootstrap; current-universe bias and boundary overlap remain
