split,population,strategy,n,mean_net_return,median_net_return,p10_net_return,mean_max_drawdown,mean_held_sessions,mean_giveback_pct_entry,activation_rate,activated_profit_to_loss_rate,take_profit_exit_rate
development,stocks,no_take_profit,2242,0.03415986693649213,0.009821286732036971,-0.08418876278917742,0.0837698420524542,45.14852809991079,0.06842342124186328,0.6159678858162355,0.19333816075307747,0
development,stocks,fixed_20,2242,0.03063851084723703,0.011936525547243004,-0.0836865119114587,0.07796451203415578,42.110169491525426,0.06021984743094865,0.6159678858162355,0.18682114409847936,0.1311329170383586
development,stocks,trail_10,2242,0.03272383035246582,0.007296702258044019,-0.07924748956815098,0.07852756891932808,42.803746654772524,0.06751763392078716,0.6159678858162355,0.19044170890658943,0.1503122212310437
development,stocks,atr_3,2242,0.028765108266071072,0.014283096559252528,-0.07735744294902891,0.06918835486971939,36.67261373773417,0.06494392358226354,0.6159678858162355,0.12816799420709632,0.4143621766280107
development,stocks,profit_50,2242,0.026470372056546537,0.020820325770340542,-0.07644130443536823,0.0673362317172602,35.154326494201605,0.06158342201003262,0.6159678858162355,0.048515568428674875,0.39250669045495096
development,stocks,profit_lock_v1,2242,0.02583687628182939,0.021663427697835136,-0.07644130443536823,0.0652232739298573,34.13024085637824,0.06091540984881225,0.6159678858162355,0.04706734250543085,0.44781445138269405
development,references,no_take_profit,140,0.00845520192215419,-0.016476542095583746,-0.05429628173117762,0.052272552450055,42.23571428571429,0.04381752961974896,0.42142857142857143,0.1694915254237288,0
development,references,fixed_20,140,0.008602235822988443,-0.016476542095583746,-0.05429628173117762,0.05166229117876462,41.93571428571428,0.043030094208940266,0.42142857142857143,0.1694915254237288,0.02142857142857143
development,references,trail_10,140,0.007137136855077643,-0.017703814065439583,-0.05429628173117762,0.05213563529309044,41.357142857142854,0.044991880566437374,0.42142857142857143,0.2033898305084746,0.04285714285714286
development,references,atr_3,140,0.011296002929135731,0.01211371253958915,-0.050027693396535455,0.044105237893946686,37.95,0.03921988528854567,0.42142857142857143,0,0.22857142857142856
development,references,profit_50,140,0.00821532241277828,-0.006001408129352848,-0.050027693396535455,0.04648464032217042,38.707142857142856,0.040859603820891655,0.42142857142857143,0.05084745762711865,0.16428571428571428
development,references,profit_lock_v1,140,0.00883558510873751,0.01211371253958915,-0.050027693396535455,0.04398974962460073,37.357142857142854,0.03921005261308727,0.42142857142857143,0,0.2357142857142857
development,stocks_ex_nvda,no_take_profit,2201,0.031428006399585144,0.008838199432315896,-0.08369258083398545,0.08292317327671517,45.064516129032256,0.06772869808538635,0.6129032258064516,0.19421793921423278,0
development,stocks_ex_nvda,fixed_20,2201,0.028815120588833593,0.0098753452295548,-0.08336817835844623,0.07775981537574018,42.32212630622444,0.060431290572309976,0.6129032258064516,0.18902891030392885,0.12130849613811903
development,stocks_ex_nvda,trail_10,2201,0.03021082825872528,0.006002250667820563,-0.07871678118003811,0.07778123952741314,42.80190822353476,0.0666487627615227,0.6129032258064516,0.19199406968124536,0.14675147660154475
development,stocks_ex_nvda,atr_3,2201,0.02704520515677393,0.013196822071905423,-0.07644792779132259,0.06845493762638166,36.684688777828256,0.06407775043954053,0.6129032258064516,0.12750185322461083,0.4116310767832803
development,stocks_ex_nvda,profit_50,2201,0.024395409711898172,0.02048424257544279,-0.07612124037611245,0.06662633412734552,35.15856428895956,0.06099049424166898,0.6129032258064516,0.04892512972572276,0.3907314856883235
development,stocks_ex_nvda,profit_lock_v1,2201,0.024405032642416873,0.02143918478362905,-0.07612124037611245,0.06451871711701751,34.16583371194911,0.060106475655401545,0.6129032258064516,0.04744255003706449,0.4447978191731031
development,stocks_ex_semiconductors,no_take_profit,1939,0.028389734305388263,0.003925320820559408,-0.08265117634192976,0.079878602963205,44.72872614749871,0.06553895580946707,0.6028880866425993,0.19674935842600513,0
development,stocks_ex_semiconductors,fixed_20,1939,0.025639024601011723,0.0050658105974183965,-0.08230145770833364,0.07561326059713758,42.2501289324394,0.05977040265862926,0.6028880866425993,0.19332763045337895,0.10830324909747292
development,stocks_ex_semiconductors,trail_10,1939,0.02768308164232987,0.003449162337537448,-0.07900706069236363,0.07620557889860732,42.9628674574523,0.06519772568149003,0.6028880866425993,0.19503849443969204,0.1258380608561114
development,stocks_ex_semiconductors,atr_3,1939,0.02405310595077182,0.011365674758726518,-0.07644792779132259,0.06645024215690605,36.74574522949974,0.062103589110040706,0.6028880866425993,0.12403763900769889,0.3971119133574007
development,stocks_ex_semiconductors,profit_50,1939,0.022232844586196905,0.0189127770018771,-0.07602671113170567,0.06506559499824882,35.415162454873645,0.059171253288064864,0.6028880866425993,0.04961505560307956,0.3744198040226921
development,stocks_ex_semiconductors,profit_lock_v1,1939,0.021757754544307943,0.0201767074521777,-0.07602671113170567,0.06305547587420107,34.45435791645178,0.05849887589812448,0.6028880866425993,0.04790419161676647,0.42857142857142855
test,stocks,no_take_profit,2160,0.018817596661869055,-0.044385935336868854,-0.10307264213832146,0.10390160770495319,41.955555555555556,0.09044758479534284,0.5708333333333333,0.28061638280616386,0
test,stocks,fixed_20,2160,0.01383490061205831,-0.04389546629001534,-0.10208716422740527,0.0949349728120053,37.56018518518518,0.07680280308088541,0.5708333333333333,0.2725060827250608,0.16712962962962963
test,stocks,trail_10,2160,0.014878454197084884,-0.0353553606354034,-0.09465679728494436,0.09393178773980403,37.40972222222222,0.08758125313939893,0.5708333333333333,0.30170316301703165,0.25416666666666665
test,stocks,atr_3,2160,0.01074709262343989,-0.012464108957159103,-0.09425729183166864,0.08554698578683721,31.733333333333334,0.08458888865289171,0.5708333333333333,0.23682076236820762,0.44907407407407407
test,stocks,profit_50,2160,0.010851313223396646,0.011585744531951603,-0.09385560140651161,0.07828505301386611,28.55,0.07488780596108097,0.5708333333333333,0.05271695052716951,0.4537037037037037
test,stocks,profit_lock_v1,2160,0.009863062614831001,0.011585744531951603,-0.09385560140651161,0.07677808459571457,27.73472222222222,0.0739301404364634,0.5708333333333333,0.05271695052716951,0.4888888888888889
test,references,no_take_profit,152,0.00669787633046377,-0.016616369207947845,-0.060572553563173814,0.058391913983564865,43.4078947368421,0.044966806578479075,0.45394736842105265,0.10144927536231885,0
test,references,fixed_20,152,0.00669787633046377,-0.016616369207947845,-0.060572553563173814,0.058391913983564865,43.4078947368421,0.044966806578479075,0.45394736842105265,0.10144927536231885,0
test,references,trail_10,152,0.005340606385617695,-0.016616369207947845,-0.06092372768138998,0.05847592509684317,42.98026315789474,0.046324076523325146,0.45394736842105265,0.13043478260869565,0.039473684210526314
test,references,atr_3,152,0.0036187297701780483,0.000920592556128752,-0.060525803296353375,0.05156081629879895,37.2828947368421,0.04557434502425903,0.45394736842105265,0.043478260869565216,0.29605263157894735
test,references,profit_50,152,0.002355085418091325,0.0019105879015872684,-0.060525803296353375,0.05142031530658763,36.32236842105263,0.04522390768114281,0.45394736842105265,0.043478260869565216,0.3026315789473684
test,references,profit_lock_v1,152,0.0017887727106203279,0.0019105879015872684,-0.060525803296353375,0.050674192587304975,35.57236842105263,0.044919733216373894,0.45394736842105265,0.043478260869565216,0.34210526315789475
test,stocks_ex_nvda,no_take_profit,2122,0.017156295860575335,-0.044385935336868854,-0.10142718572754783,0.10305613240498326,41.949104618284636,0.08984318648474202,0.5697455230914232,0.2812241521918941,0
test,stocks_ex_nvda,fixed_20,2122,0.01317901645900962,-0.04397220096551668,-0.10114911752834976,0.09444728804801973,37.720075400565506,0.0766037907733839,0.5697455230914232,0.2737799834574028,0.16305372290292178
test,stocks_ex_nvda,trail_10,2122,0.013519885984060643,-0.036609564064999656,-0.09389749475207254,0.09342915845042267,37.51790763430726,0.0869703462101562,0.5697455230914232,0.30355665839536805,0.25070688030160226
test,stocks_ex_nvda,atr_3,2122,0.009175248338259388,-0.01282308779884217,-0.09348959451483341,0.0849970160536336,31.759189443920828,0.08398749831005992,0.5697455230914232,0.23738626964433415,0.44863336475023563
test,stocks_ex_nvda,profit_50,2122,0.009822815407516285,0.011369327306808175,-0.09297935635815857,0.07773438417776896,28.622997172478794,0.0743206325319402,0.5697455230914232,0.053763440860215055,0.4524033930254477
test,stocks_ex_nvda,profit_lock_v1,2122,0.00873200907541838,0.011369327306808175,-0.09297935635815857,0.0762842531608173,27.810084825636192,0.07343067597634927,0.5697455230914232,0.053763440860215055,0.4882186616399623
test,stocks_ex_semiconductors,no_take_profit,1864,0.011906947239328267,-0.0448269044316702,-0.09681125049960271,0.09630779478348409,41.61480686695279,0.08330903476499342,0.5584763948497854,0.27953890489913547,0
test,stocks_ex_semiconductors,fixed_20,1864,0.009121641168844964,-0.04463097020534701,-0.09659971253380828,0.09084645746958152,38.33851931330472,0.0753465786159475,0.5584763948497854,0.2756964457252642,0.13572961373390557
test,stocks_ex_semiconductors,trail_10,1864,0.009786684950855074,-0.03866010814927645,-0.09108191298050017,0.08938376663338755,38.212982832618025,0.08226689580526936,0.5584763948497854,0.3025936599423631,0.217274678111588
test,stocks_ex_semiconductors,atr_3,1864,0.007083448496933827,-0.013165576296138848,-0.09003131039713341,0.07963187237901366,31.98068669527897,0.07790269532864096,0.5584763948497854,0.22382324687800192,0.4334763948497854
test,stocks_ex_semiconductors,profit_50,1864,0.0067695658688947955,0.009793527991372453,-0.08986700324688679,0.0736491343301501,28.978540772532188,0.07053073242521503,0.5584763948497854,0.05571565802113353,0.4383047210300429
test,stocks_ex_semiconductors,profit_lock_v1,1864,0.0060665313584380405,0.009793527991372453,-0.08986700324688679,0.07242037588720675,28.24087982832618,0.06990181904921747,0.5584763948497854,0.05571565802113353,0.4721030042918455
